,X,Channel,Bout_Count,Genotype,Sex,Age,Rep
1,0,adj_Monitor10_ch1,11.2,Y160C,F,W0,R4
2,1,adj_Monitor10_ch10,8.2,Y160C,F,W0,R4
3,2,adj_Monitor10_ch11,1.8,Y160C,F,W0,R4
4,3,adj_Monitor10_ch12,5.4,Y160C,F,W0,R4
5,4,adj_Monitor10_ch13,9.8,Y160C,F,W0,R4
6,5,adj_Monitor10_ch14,6.8,Y160C,F,W0,R4
7,6,adj_Monitor10_ch15,4.6,Y160C,F,W0,R4
8,7,adj_Monitor10_ch16,10.2,Y160C,F,W0,R4
9,8,adj_Monitor10_ch17,2.4,Y160C,F,W0,R4
10,9,adj_Monitor10_ch18,7.2,Y160C,F,W0,R4
11,10,adj_Monitor10_ch19,10.2,Y160C,F,W0,R4
12,11,adj_Monitor10_ch2,8.6,Y160C,F,W0,R4
13,12,adj_Monitor10_ch20,5.8,Y160C,F,W0,R4
14,13,adj_Monitor10_ch21,10,Y160C,F,W0,R4
15,14,adj_Monitor10_ch22,7.8,Y160C,F,W0,R4
16,15,adj_Monitor10_ch23,7.2,Y160C,F,W0,R4
17,16,adj_Monitor10_ch24,9.2,Y160C,F,W0,R4
18,17,adj_Monitor10_ch25,8.2,Y160C,F,W0,R4
19,18,adj_Monitor10_ch26,7,Y160C,F,W0,R4
20,19,adj_Monitor10_ch27,8.8,Y160C,F,W0,R4
21,20,adj_Monitor10_ch28,4.8,Y160C,F,W0,R4
22,21,adj_Monitor10_ch29,10.6,Y160C,F,W0,R4
23,22,adj_Monitor10_ch3,5.8,Y160C,F,W0,R4
24,23,adj_Monitor10_ch30,3.6,Y160C,F,W0,R4
25,24,adj_Monitor10_ch31,9.2,Y160C,F,W0,R4
26,25,adj_Monitor10_ch32,9.4,Y160C,F,W0,R4
27,26,adj_Monitor10_ch5,8.8,Y160C,F,W0,R4
28,27,adj_Monitor10_ch6,7.6,Y160C,F,W0,R4
29,28,adj_Monitor10_ch7,8.4,Y160C,F,W0,R4
30,29,adj_Monitor10_ch8,10.4,Y160C,F,W0,R4
31,30,adj_Monitor10_ch9,11.4,Y160C,F,W0,R4
32,31,adj_Monitor11_ch1,1.8,W422X,F,W0,R4
33,32,adj_Monitor11_ch10,6.8,W422X,F,W0,R4
34,33,adj_Monitor11_ch11,7.4,W422X,F,W0,R4
35,34,adj_Monitor11_ch12,1.2,W422X,F,W0,R4
36,35,adj_Monitor11_ch13,9,W422X,F,W0,R4
37,36,adj_Monitor11_ch14,14,W422X,F,W0,R4
38,37,adj_Monitor11_ch15,2,W422X,F,W0,R4
39,38,adj_Monitor11_ch16,6.4,W422X,F,W0,R4
40,39,adj_Monitor11_ch17,6.4,W422X,F,W0,R4
41,40,adj_Monitor11_ch18,3.2,W422X,F,W0,R4
42,41,adj_Monitor11_ch19,10.4,W422X,F,W0,R4
43,42,adj_Monitor11_ch2,7.6,W422X,F,W0,R4
44,43,adj_Monitor11_ch20,2.2,W422X,F,W0,R4
45,44,adj_Monitor11_ch21,7,W422X,F,W0,R4
46,45,adj_Monitor11_ch22,8.2,W422X,F,W0,R4
47,46,adj_Monitor11_ch23,6,W422X,F,W0,R4
48,47,adj_Monitor11_ch24,3.4,W422X,F,W0,R4
49,48,adj_Monitor11_ch25,5.8,W422X,F,W0,R4
50,49,adj_Monitor11_ch26,0.6,W422X,F,W0,R4
51,50,adj_Monitor11_ch27,1.4,W422X,F,W0,R4
52,51,adj_Monitor11_ch28,8.8,W422X,F,W0,R4
53,52,adj_Monitor11_ch29,5.6,W422X,F,W0,R4
54,53,adj_Monitor11_ch3,4,W422X,F,W0,R4
55,54,adj_Monitor11_ch30,7.4,W422X,F,W0,R4
56,55,adj_Monitor11_ch31,8.2,W422X,F,W0,R4
57,56,adj_Monitor11_ch32,2,W422X,F,W0,R4
58,57,adj_Monitor11_ch4,6.4,W422X,F,W0,R4
59,58,adj_Monitor11_ch5,12.4,W422X,F,W0,R4
60,59,adj_Monitor11_ch6,4.2,W422X,F,W0,R4
61,60,adj_Monitor11_ch7,6.8,W422X,F,W0,R4
62,61,adj_Monitor11_ch8,4.8,W422X,F,W0,R4
63,62,adj_Monitor11_ch9,1.4,W422X,F,W0,R4
64,63,adj_Monitor14_ch1,9.4,W422X,F,W0,R1
65,64,adj_Monitor14_ch10,4,W422X,F,W0,R1
66,65,adj_Monitor14_ch11,1,W422X,F,W0,R1
67,66,adj_Monitor14_ch12,1.4,W422X,F,W0,R1
68,67,adj_Monitor14_ch13,7.4,W422X,F,W0,R1
69,68,adj_Monitor14_ch14,6,W422X,F,W0,R1
70,69,adj_Monitor14_ch15,4.2,W422X,F,W0,R1
71,70,adj_Monitor14_ch16,4.4,W422X,F,W0,R1
72,71,adj_Monitor14_ch17,3.4,W422X,F,W0,R1
73,72,adj_Monitor14_ch18,7,W422X,F,W0,R1
74,73,adj_Monitor14_ch19,9.4,W422X,F,W0,R1
75,74,adj_Monitor14_ch2,1.2,W422X,F,W0,R1
76,75,adj_Monitor14_ch20,2.8,W422X,F,W0,R1
77,76,adj_Monitor14_ch21,4.6,W422X,F,W0,R1
78,77,adj_Monitor14_ch22,6.6,W422X,F,W0,R1
79,78,adj_Monitor14_ch23,7.8,W422X,F,W0,R1
80,79,adj_Monitor14_ch24,1.8,W422X,F,W0,R1
81,80,adj_Monitor14_ch25,1.2,W422X,F,W0,R1
82,81,adj_Monitor14_ch26,5.4,W422X,F,W0,R1
83,82,adj_Monitor14_ch27,5,W422X,F,W0,R1
84,83,adj_Monitor14_ch28,3.8,W422X,F,W0,R1
85,84,adj_Monitor14_ch29,2.8,W422X,F,W0,R1
86,85,adj_Monitor14_ch3,4.4,W422X,F,W0,R1
87,86,adj_Monitor14_ch30,5.6,W422X,F,W0,R1
88,87,adj_Monitor14_ch31,7,W422X,F,W0,R1
89,88,adj_Monitor14_ch32,3.2,W422X,F,W0,R1
90,89,adj_Monitor14_ch4,1.8,W422X,F,W0,R1
91,90,adj_Monitor14_ch5,4.6,W422X,F,W0,R1
92,91,adj_Monitor14_ch6,8.2,W422X,F,W0,R1
93,92,adj_Monitor14_ch7,4,W422X,F,W0,R1
94,93,adj_Monitor14_ch8,7.6,W422X,F,W0,R1
95,94,adj_Monitor14_ch9,3,W422X,F,W0,R1
96,95,adj_Monitor15_ch1,3.2,Y160C,F,W0,R2
97,96,adj_Monitor15_ch10,7,Y160C,F,W0,R2
98,97,adj_Monitor15_ch11,7.4,Y160C,F,W0,R2
99,98,adj_Monitor15_ch12,7.2,Y160C,F,W0,R2
100,99,adj_Monitor15_ch13,4,Y160C,F,W0,R2
101,100,adj_Monitor15_ch14,10.8,Y160C,F,W0,R2
102,101,adj_Monitor15_ch15,11.6,Y160C,F,W0,R2
103,102,adj_Monitor15_ch16,5,Y160C,F,W0,R2
104,103,adj_Monitor15_ch17,9,Y160C,F,W0,R2
105,104,adj_Monitor15_ch18,8.4,Y160C,F,W0,R2
106,105,adj_Monitor15_ch19,10,Y160C,F,W0,R2
107,106,adj_Monitor15_ch2,11.4,Y160C,F,W0,R2
108,107,adj_Monitor15_ch20,6.4,Y160C,F,W0,R2
109,108,adj_Monitor15_ch21,5,Y160C,F,W0,R2
110,109,adj_Monitor15_ch22,9.2,Y160C,F,W0,R2
111,110,adj_Monitor15_ch23,2.2,Y160C,F,W0,R2
112,111,adj_Monitor15_ch24,7.2,Y160C,F,W0,R2
113,112,adj_Monitor15_ch25,7.8,Y160C,F,W0,R2
114,113,adj_Monitor15_ch26,8.4,Y160C,F,W0,R2
115,114,adj_Monitor15_ch27,3.6,Y160C,F,W0,R2
116,115,adj_Monitor15_ch28,5.2,Y160C,F,W0,R2
117,116,adj_Monitor15_ch29,5.4,Y160C,F,W0,R2
118,117,adj_Monitor15_ch3,3.8,Y160C,F,W0,R2
119,118,adj_Monitor15_ch30,3.6,Y160C,F,W0,R2
120,119,adj_Monitor15_ch31,9.2,Y160C,F,W0,R2
121,120,adj_Monitor15_ch32,9.6,Y160C,F,W0,R2
122,121,adj_Monitor15_ch4,7.6,Y160C,F,W0,R2
123,122,adj_Monitor15_ch5,9.8,Y160C,F,W0,R2
124,123,adj_Monitor15_ch6,10.6,Y160C,F,W0,R2
125,124,adj_Monitor15_ch7,8.6,Y160C,F,W0,R2
126,125,adj_Monitor15_ch8,7.6,Y160C,F,W0,R2
127,126,adj_Monitor15_ch9,10.8,Y160C,F,W0,R2
128,127,adj_Monitor16_ch1,2.8,WG2,F,W0,R4
129,128,adj_Monitor16_ch10,4.6,WG2,F,W0,R4
130,129,adj_Monitor16_ch11,7.2,WG2,F,W0,R4
131,130,adj_Monitor16_ch12,10.2,WG2,F,W0,R4
132,131,adj_Monitor16_ch13,8,WG2,F,W0,R4
133,132,adj_Monitor16_ch14,4,WG2,F,W0,R4
134,133,adj_Monitor16_ch15,5,WG2,F,W0,R4
135,134,adj_Monitor16_ch16,7,WG2,F,W0,R4
136,135,adj_Monitor16_ch17,8.8,WG2,F,W0,R4
137,136,adj_Monitor16_ch18,14.2,WG2,F,W0,R4
138,137,adj_Monitor16_ch19,7.4,WG2,F,W0,R4
139,138,adj_Monitor16_ch2,9.8,WG2,F,W0,R4
140,139,adj_Monitor16_ch20,8.8,WG2,F,W0,R4
141,140,adj_Monitor16_ch21,4.2,WG2,F,W0,R4
142,141,adj_Monitor16_ch22,7.2,WG2,F,W0,R4
143,142,adj_Monitor16_ch23,11,WG2,F,W0,R4
144,143,adj_Monitor16_ch24,3.4,WG2,F,W0,R4
145,144,adj_Monitor16_ch25,10.2,WG2,F,W0,R4
146,145,adj_Monitor16_ch26,5,WG2,F,W0,R4
147,146,adj_Monitor16_ch27,6,WG2,F,W0,R4
148,147,adj_Monitor16_ch28,5.8,WG2,F,W0,R4
149,148,adj_Monitor16_ch29,0.6,WG2,F,W0,R4
150,149,adj_Monitor16_ch3,4.6,WG2,F,W0,R4
151,150,adj_Monitor16_ch30,4.4,WG2,F,W0,R4
152,151,adj_Monitor16_ch31,8.8,WG2,F,W0,R4
153,152,adj_Monitor16_ch32,6.6,WG2,F,W0,R4
154,153,adj_Monitor16_ch4,8.2,WG2,F,W0,R4
155,154,adj_Monitor16_ch5,6,WG2,F,W0,R4
156,155,adj_Monitor16_ch6,4.8,WG2,F,W0,R4
157,156,adj_Monitor16_ch7,3.6,WG2,F,W0,R4
158,157,adj_Monitor16_ch8,10.2,WG2,F,W0,R4
159,158,adj_Monitor16_ch9,4,WG2,F,W0,R4
160,159,adj_Monitor18_ch1,9.6,KO,F,W0,R2
161,160,adj_Monitor18_ch10,6.4,KO,F,W0,R2
162,161,adj_Monitor18_ch11,2.6,KO,F,W0,R2
163,162,adj_Monitor18_ch12,8.6,KO,F,W0,R2
164,163,adj_Monitor18_ch13,7.8,KO,F,W0,R2
165,164,adj_Monitor18_ch14,6.6,KO,F,W0,R2
166,165,adj_Monitor18_ch15,3.4,KO,F,W0,R2
167,166,adj_Monitor18_ch16,4.8,KO,F,W0,R2
168,167,adj_Monitor18_ch17,13.2,KO,F,W0,R2
169,168,adj_Monitor18_ch18,6.8,KO,F,W0,R2
170,169,adj_Monitor18_ch19,10,KO,F,W0,R2
171,170,adj_Monitor18_ch2,5.6,KO,F,W0,R2
172,171,adj_Monitor18_ch20,5,KO,F,W0,R2
173,172,adj_Monitor18_ch21,7.4,KO,F,W0,R2
174,173,adj_Monitor18_ch22,5.4,KO,F,W0,R2
175,174,adj_Monitor18_ch23,4.2,KO,F,W0,R2
176,175,adj_Monitor18_ch24,10.8,KO,F,W0,R2
177,176,adj_Monitor18_ch25,6.2,KO,F,W0,R2
178,177,adj_Monitor18_ch26,5,KO,F,W0,R2
179,178,adj_Monitor18_ch27,8.4,KO,F,W0,R2
180,179,adj_Monitor18_ch28,5,KO,F,W0,R2
181,180,adj_Monitor18_ch29,5.4,KO,F,W0,R2
182,181,adj_Monitor18_ch3,11.8,KO,F,W0,R2
183,182,adj_Monitor18_ch30,6.8,KO,F,W0,R2
184,183,adj_Monitor18_ch31,3.8,KO,F,W0,R2
185,184,adj_Monitor18_ch32,5.6,KO,F,W0,R2
186,185,adj_Monitor18_ch4,6.4,KO,F,W0,R2
187,186,adj_Monitor18_ch5,8.6,KO,F,W0,R2
188,187,adj_Monitor18_ch6,4.2,KO,F,W0,R2
189,188,adj_Monitor18_ch7,5.4,KO,F,W0,R2
190,189,adj_Monitor18_ch8,9,KO,F,W0,R2
191,190,adj_Monitor18_ch9,3.4,KO,F,W0,R2
192,191,adj_Monitor19_ch1,3.4,KO,M,W0,R2
193,192,adj_Monitor19_ch10,8.6,KO,M,W0,R2
194,193,adj_Monitor19_ch11,7.4,KO,M,W0,R2
195,194,adj_Monitor19_ch12,7.4,KO,M,W0,R2
196,195,adj_Monitor19_ch14,5,KO,M,W0,R2
197,196,adj_Monitor19_ch15,2,KO,M,W0,R2
198,197,adj_Monitor19_ch17,8.8,KO,M,W0,R2
199,198,adj_Monitor19_ch19,5.8,KO,M,W0,R2
200,199,adj_Monitor19_ch2,5.4,KO,M,W0,R2
201,200,adj_Monitor19_ch20,7.6,KO,M,W0,R2
202,201,adj_Monitor19_ch21,3.6,KO,M,W0,R2
203,202,adj_Monitor19_ch22,3.4,KO,M,W0,R2
204,203,adj_Monitor19_ch23,6.6,KO,M,W0,R2
205,204,adj_Monitor19_ch24,2.2,KO,M,W0,R2
206,205,adj_Monitor19_ch25,5.4,KO,M,W0,R2
207,206,adj_Monitor19_ch26,5.2,KO,M,W0,R2
208,207,adj_Monitor19_ch27,4.4,KO,M,W0,R2
209,208,adj_Monitor19_ch28,6.8,KO,M,W0,R2
210,209,adj_Monitor19_ch29,8.6,KO,M,W0,R2
211,210,adj_Monitor19_ch3,8,KO,M,W0,R2
212,211,adj_Monitor19_ch30,5.2,KO,M,W0,R2
213,212,adj_Monitor19_ch31,5.2,KO,M,W0,R2
214,213,adj_Monitor19_ch32,4.2,KO,M,W0,R2
215,214,adj_Monitor19_ch4,6,KO,M,W0,R2
216,215,adj_Monitor19_ch5,4.8,KO,M,W0,R2
217,216,adj_Monitor19_ch6,3.6,KO,M,W0,R2
218,217,adj_Monitor19_ch7,4.2,KO,M,W0,R2
219,218,adj_Monitor19_ch8,11.4,KO,M,W0,R2
220,219,adj_Monitor19_ch9,8.6,KO,M,W0,R2
221,220,adj_Monitor1_ch1,5.8,Y160C,F,W0,R3
222,221,adj_Monitor1_ch10,4.8,Y160C,F,W0,R3
223,222,adj_Monitor1_ch11,6.4,Y160C,F,W0,R3
224,223,adj_Monitor1_ch12,7.6,Y160C,F,W0,R3
225,224,adj_Monitor1_ch13,8.8,Y160C,F,W0,R3
226,225,adj_Monitor1_ch14,12,Y160C,F,W0,R3
227,226,adj_Monitor1_ch15,11,Y160C,F,W0,R3
228,227,adj_Monitor1_ch16,9,Y160C,F,W0,R3
229,228,adj_Monitor1_ch17,5.6,Y160C,F,W0,R3
230,229,adj_Monitor1_ch18,2.2,Y160C,F,W0,R3
231,230,adj_Monitor1_ch19,0.6,Y160C,F,W0,R3
232,231,adj_Monitor1_ch2,9.2,Y160C,F,W0,R3
233,232,adj_Monitor1_ch20,3.2,Y160C,F,W0,R3
234,233,adj_Monitor1_ch21,9.4,Y160C,F,W0,R3
235,234,adj_Monitor1_ch22,10.2,Y160C,F,W0,R3
236,235,adj_Monitor1_ch23,8.4,Y160C,F,W0,R3
237,236,adj_Monitor1_ch24,9.2,Y160C,F,W0,R3
238,237,adj_Monitor1_ch25,8.2,Y160C,F,W0,R3
239,238,adj_Monitor1_ch26,5.8,Y160C,F,W0,R3
240,239,adj_Monitor1_ch27,3.8,Y160C,F,W0,R3
241,240,adj_Monitor1_ch28,6,Y160C,F,W0,R3
242,241,adj_Monitor1_ch29,7,Y160C,F,W0,R3
243,242,adj_Monitor1_ch3,6.6,Y160C,F,W0,R3
244,243,adj_Monitor1_ch30,4.8,Y160C,F,W0,R3
245,244,adj_Monitor1_ch31,9.2,Y160C,F,W0,R3
246,245,adj_Monitor1_ch32,6.8,Y160C,F,W0,R3
247,246,adj_Monitor1_ch4,5.8,Y160C,F,W0,R3
248,247,adj_Monitor1_ch5,7,Y160C,F,W0,R3
249,248,adj_Monitor1_ch6,6,Y160C,F,W0,R3
250,249,adj_Monitor1_ch7,11.2,Y160C,F,W0,R3
251,250,adj_Monitor1_ch8,9.4,Y160C,F,W0,R3
252,251,adj_Monitor1_ch9,8.8,Y160C,F,W0,R3
253,252,adj_Monitor20_ch1,3.4,Y160C,M,W0,R1
254,253,adj_Monitor20_ch10,6.4,Y160C,M,W0,R1
255,254,adj_Monitor20_ch11,9.2,Y160C,M,W0,R1
256,255,adj_Monitor20_ch12,9.6,Y160C,M,W0,R1
257,256,adj_Monitor20_ch13,3.4,Y160C,M,W0,R1
258,257,adj_Monitor20_ch14,11.2,Y160C,M,W0,R1
259,258,adj_Monitor20_ch15,1.8,Y160C,M,W0,R1
260,259,adj_Monitor20_ch16,5,Y160C,M,W0,R1
261,260,adj_Monitor20_ch17,2.4,Y160C,M,W0,R1
262,261,adj_Monitor20_ch18,3,Y160C,M,W0,R1
263,262,adj_Monitor20_ch19,5.4,Y160C,M,W0,R1
264,263,adj_Monitor20_ch2,3.2,Y160C,M,W0,R1
265,264,adj_Monitor20_ch20,4,Y160C,M,W0,R1
266,265,adj_Monitor20_ch21,4.6,Y160C,M,W0,R1
267,266,adj_Monitor20_ch22,10.4,Y160C,M,W0,R1
268,267,adj_Monitor20_ch24,5.6,Y160C,M,W0,R1
269,268,adj_Monitor20_ch25,6.6,Y160C,M,W0,R1
270,269,adj_Monitor20_ch26,7.2,Y160C,M,W0,R1
271,270,adj_Monitor20_ch27,4.6,Y160C,M,W0,R1
272,271,adj_Monitor20_ch28,3,Y160C,M,W0,R1
273,272,adj_Monitor20_ch29,5.4,Y160C,M,W0,R1
274,273,adj_Monitor20_ch30,9.4,Y160C,M,W0,R1
275,274,adj_Monitor20_ch31,5.8,Y160C,M,W0,R1
276,275,adj_Monitor20_ch32,1.6,Y160C,M,W0,R1
277,276,adj_Monitor20_ch4,3.8,Y160C,M,W0,R1
278,277,adj_Monitor20_ch5,1.4,Y160C,M,W0,R1
279,278,adj_Monitor20_ch6,5.8,Y160C,M,W0,R1
280,279,adj_Monitor20_ch7,4.2,Y160C,M,W0,R1
281,280,adj_Monitor20_ch8,7.2,Y160C,M,W0,R1
282,281,adj_Monitor20_ch9,5.8,Y160C,M,W0,R1
283,282,adj_Monitor21_ch1,4,WG2,M,W0,R3
284,283,adj_Monitor21_ch10,2.2,WG2,M,W0,R3
285,284,adj_Monitor21_ch11,8.2,WG2,M,W0,R3
286,285,adj_Monitor21_ch12,5.4,WG2,M,W0,R3
287,286,adj_Monitor21_ch13,4.6,WG2,M,W0,R3
288,287,adj_Monitor21_ch14,1.2,WG2,M,W0,R3
289,288,adj_Monitor21_ch15,1.6,WG2,M,W0,R3
290,289,adj_Monitor21_ch16,6.2,WG2,M,W0,R3
291,290,adj_Monitor21_ch17,4,WG2,M,W0,R3
292,291,adj_Monitor21_ch18,7,WG2,M,W0,R3
293,292,adj_Monitor21_ch19,4.8,WG2,M,W0,R3
294,293,adj_Monitor21_ch2,3.8,WG2,M,W0,R3
295,294,adj_Monitor21_ch20,2,WG2,M,W0,R3
296,295,adj_Monitor21_ch21,5.4,WG2,M,W0,R3
297,296,adj_Monitor21_ch22,3.8,WG2,M,W0,R3
298,297,adj_Monitor21_ch23,6.4,WG2,M,W0,R3
299,298,adj_Monitor21_ch24,3.6,WG2,M,W0,R3
300,299,adj_Monitor21_ch25,7.2,WG2,M,W0,R3
301,300,adj_Monitor21_ch26,8.6,WG2,M,W0,R3
302,301,adj_Monitor21_ch27,5.2,WG2,M,W0,R3
303,302,adj_Monitor21_ch28,3.8,WG2,M,W0,R3
304,303,adj_Monitor21_ch29,2.8,WG2,M,W0,R3
305,304,adj_Monitor21_ch3,1.8,WG2,M,W0,R3
306,305,adj_Monitor21_ch30,3.6,WG2,M,W0,R3
307,306,adj_Monitor21_ch31,2.6,WG2,M,W0,R3
308,307,adj_Monitor21_ch32,8,WG2,M,W0,R3
309,308,adj_Monitor21_ch4,10.4,WG2,M,W0,R3
310,309,adj_Monitor21_ch5,5.6,WG2,M,W0,R3
311,310,adj_Monitor21_ch6,4.8,WG2,M,W0,R3
312,311,adj_Monitor21_ch7,2,WG2,M,W0,R3
313,312,adj_Monitor21_ch8,3,WG2,M,W0,R3
314,313,adj_Monitor21_ch9,10,WG2,M,W0,R3
315,314,adj_Monitor22_ch1,6.4,KO,F,W0,R1
316,315,adj_Monitor22_ch10,5.8,KO,F,W0,R1
317,316,adj_Monitor22_ch11,5.2,KO,F,W0,R1
318,317,adj_Monitor22_ch12,4.2,KO,F,W0,R1
319,318,adj_Monitor22_ch13,3.4,KO,F,W0,R1
320,319,adj_Monitor22_ch14,5.4,KO,F,W0,R1
321,320,adj_Monitor22_ch15,9.2,KO,F,W0,R1
322,321,adj_Monitor22_ch16,7,KO,F,W0,R1
323,322,adj_Monitor22_ch17,6.4,KO,F,W0,R1
324,323,adj_Monitor22_ch18,8.4,KO,F,W0,R1
325,324,adj_Monitor22_ch19,3.4,KO,F,W0,R1
326,325,adj_Monitor22_ch2,10,KO,F,W0,R1
327,326,adj_Monitor22_ch20,8.8,KO,F,W0,R1
328,327,adj_Monitor22_ch21,2.2,KO,F,W0,R1
329,328,adj_Monitor22_ch22,5.2,KO,F,W0,R1
330,329,adj_Monitor22_ch23,3.4,KO,F,W0,R1
331,330,adj_Monitor22_ch24,2.6,KO,F,W0,R1
332,331,adj_Monitor22_ch25,5,KO,F,W0,R1
333,332,adj_Monitor22_ch26,1.6,KO,F,W0,R1
334,333,adj_Monitor22_ch27,4.2,KO,F,W0,R1
335,334,adj_Monitor22_ch28,10.4,KO,F,W0,R1
336,335,adj_Monitor22_ch29,5.2,KO,F,W0,R1
337,336,adj_Monitor22_ch3,3.6,KO,F,W0,R1
338,337,adj_Monitor22_ch30,3.6,KO,F,W0,R1
339,338,adj_Monitor22_ch31,3,KO,F,W0,R1
340,339,adj_Monitor22_ch32,7.4,KO,F,W0,R1
341,340,adj_Monitor22_ch4,3.4,KO,F,W0,R1
342,341,adj_Monitor22_ch5,4,KO,F,W0,R1
343,342,adj_Monitor22_ch6,2.8,KO,F,W0,R1
344,343,adj_Monitor22_ch7,4.2,KO,F,W0,R1
345,344,adj_Monitor22_ch8,5.2,KO,F,W0,R1
346,345,adj_Monitor22_ch9,8.6,KO,F,W0,R1
347,346,adj_Monitor24_ch10,4.4,WG2,F,W0,R1
348,347,adj_Monitor24_ch11,6.4,WG2,F,W0,R1
349,348,adj_Monitor24_ch12,5.8,WG2,F,W0,R1
350,349,adj_Monitor24_ch13,9.4,WG2,F,W0,R1
351,350,adj_Monitor24_ch14,8.6,WG2,F,W0,R1
352,351,adj_Monitor24_ch15,6.6,WG2,F,W0,R1
353,352,adj_Monitor24_ch16,6.8,WG2,F,W0,R1
354,353,adj_Monitor24_ch17,4.8,WG2,F,W0,R1
355,354,adj_Monitor24_ch18,5.6,WG2,F,W0,R1
356,355,adj_Monitor24_ch19,9.8,WG2,F,W0,R1
357,356,adj_Monitor24_ch2,7.4,WG2,F,W0,R1
358,357,adj_Monitor24_ch20,6.8,WG2,F,W0,R1
359,358,adj_Monitor24_ch21,4,WG2,F,W0,R1
360,359,adj_Monitor24_ch22,9.6,WG2,F,W0,R1
361,360,adj_Monitor24_ch23,7.6,WG2,F,W0,R1
362,361,adj_Monitor24_ch24,7.8,WG2,F,W0,R1
363,362,adj_Monitor24_ch25,4.4,WG2,F,W0,R1
364,363,adj_Monitor24_ch26,2.8,WG2,F,W0,R1
365,364,adj_Monitor24_ch27,1.8,WG2,F,W0,R1
366,365,adj_Monitor24_ch28,2.4,WG2,F,W0,R1
367,366,adj_Monitor24_ch29,6.4,WG2,F,W0,R1
368,367,adj_Monitor24_ch3,4.6,WG2,F,W0,R1
369,368,adj_Monitor24_ch30,4.6,WG2,F,W0,R1
370,369,adj_Monitor24_ch31,6,WG2,F,W0,R1
371,370,adj_Monitor24_ch32,8.6,WG2,F,W0,R1
372,371,adj_Monitor24_ch4,9.2,WG2,F,W0,R1
373,372,adj_Monitor24_ch5,2,WG2,F,W0,R1
374,373,adj_Monitor24_ch6,3.8,WG2,F,W0,R1
375,374,adj_Monitor24_ch7,6.2,WG2,F,W0,R1
376,375,adj_Monitor24_ch8,10,WG2,F,W0,R1
377,376,adj_Monitor26_ch1,6.8,WG2,F,W0,R3
378,377,adj_Monitor26_ch10,6,WG2,F,W0,R3
379,378,adj_Monitor26_ch11,5.8,WG2,F,W0,R3
380,379,adj_Monitor26_ch12,1.2,WG2,F,W0,R3
381,380,adj_Monitor26_ch13,6.6,WG2,F,W0,R3
382,381,adj_Monitor26_ch14,4.2,WG2,F,W0,R3
383,382,adj_Monitor26_ch15,8.8,WG2,F,W0,R3
384,383,adj_Monitor26_ch16,3.8,WG2,F,W0,R3
385,384,adj_Monitor26_ch17,3.4,WG2,F,W0,R3
386,385,adj_Monitor26_ch18,2.6,WG2,F,W0,R3
387,386,adj_Monitor26_ch19,9.2,WG2,F,W0,R3
388,387,adj_Monitor26_ch2,3.4,WG2,F,W0,R3
389,388,adj_Monitor26_ch20,7.4,WG2,F,W0,R3
390,389,adj_Monitor26_ch21,9.6,WG2,F,W0,R3
391,390,adj_Monitor26_ch22,1,WG2,F,W0,R3
392,391,adj_Monitor26_ch23,5.8,WG2,F,W0,R3
393,392,adj_Monitor26_ch24,2.2,WG2,F,W0,R3
394,393,adj_Monitor26_ch25,1.2,WG2,F,W0,R3
395,394,adj_Monitor26_ch26,1.2,WG2,F,W0,R3
396,395,adj_Monitor26_ch27,2.4,WG2,F,W0,R3
397,396,adj_Monitor26_ch28,4.4,WG2,F,W0,R3
398,397,adj_Monitor26_ch29,10.4,WG2,F,W0,R3
399,398,adj_Monitor26_ch3,6.8,WG2,F,W0,R3
400,399,adj_Monitor26_ch30,0.8,WG2,F,W0,R3
401,400,adj_Monitor26_ch31,3,WG2,F,W0,R3
402,401,adj_Monitor26_ch32,3.8,WG2,F,W0,R3
403,402,adj_Monitor26_ch4,2.4,WG2,F,W0,R3
404,403,adj_Monitor26_ch5,7.2,WG2,F,W0,R3
405,404,adj_Monitor26_ch6,4.6,WG2,F,W0,R3
406,405,adj_Monitor26_ch7,7.6,WG2,F,W0,R3
407,406,adj_Monitor26_ch8,5.2,WG2,F,W0,R3
408,407,adj_Monitor26_ch9,3.6,WG2,F,W0,R3
409,408,adj_Monitor27_ch1,8.8,WG2,M,W0,R4
410,409,adj_Monitor27_ch10,4,WG2,M,W0,R4
411,410,adj_Monitor27_ch11,7.8,WG2,M,W0,R4
412,411,adj_Monitor27_ch12,11.6,WG2,M,W0,R4
413,412,adj_Monitor27_ch13,7.4,WG2,M,W0,R4
414,413,adj_Monitor27_ch14,4.2,WG2,M,W0,R4
415,414,adj_Monitor27_ch15,9.2,WG2,M,W0,R4
416,415,adj_Monitor27_ch16,6.8,WG2,M,W0,R4
417,416,adj_Monitor27_ch17,3,WG2,M,W0,R4
418,417,adj_Monitor27_ch18,4.4,WG2,M,W0,R4
419,418,adj_Monitor27_ch19,5.2,WG2,M,W0,R4
420,419,adj_Monitor27_ch20,5.2,WG2,M,W0,R4
421,420,adj_Monitor27_ch21,9.2,WG2,M,W0,R4
422,421,adj_Monitor27_ch22,5,WG2,M,W0,R4
423,422,adj_Monitor27_ch23,6.2,WG2,M,W0,R4
424,423,adj_Monitor27_ch24,4.4,WG2,M,W0,R4
425,424,adj_Monitor27_ch25,4.6,WG2,M,W0,R4
426,425,adj_Monitor27_ch26,2.4,WG2,M,W0,R4
427,426,adj_Monitor27_ch27,7.2,WG2,M,W0,R4
428,427,adj_Monitor27_ch29,3,WG2,M,W0,R4
429,428,adj_Monitor27_ch3,6.4,WG2,M,W0,R4
430,429,adj_Monitor27_ch30,17.8,WG2,M,W0,R4
431,430,adj_Monitor27_ch31,6.8,WG2,M,W0,R4
432,431,adj_Monitor27_ch32,2.8,WG2,M,W0,R4
433,432,adj_Monitor27_ch4,8.2,WG2,M,W0,R4
434,433,adj_Monitor27_ch5,7.6,WG2,M,W0,R4
435,434,adj_Monitor27_ch7,8.2,WG2,M,W0,R4
436,435,adj_Monitor27_ch8,5.8,WG2,M,W0,R4
437,436,adj_Monitor27_ch9,4,WG2,M,W0,R4
438,437,adj_Monitor28_ch1,5.2,W422X,M,W0,R1
439,438,adj_Monitor28_ch10,5.4,W422X,M,W0,R1
440,439,adj_Monitor28_ch11,2.4,W422X,M,W0,R1
441,440,adj_Monitor28_ch12,3.2,W422X,M,W0,R1
442,441,adj_Monitor28_ch13,4.4,W422X,M,W0,R1
443,442,adj_Monitor28_ch14,6.8,W422X,M,W0,R1
444,443,adj_Monitor28_ch15,3.6,W422X,M,W0,R1
445,444,adj_Monitor28_ch16,3.8,W422X,M,W0,R1
446,445,adj_Monitor28_ch17,7,W422X,M,W0,R1
447,446,adj_Monitor28_ch18,7.2,W422X,M,W0,R1
448,447,adj_Monitor28_ch19,5.8,W422X,M,W0,R1
449,448,adj_Monitor28_ch2,7.4,W422X,M,W0,R1
450,449,adj_Monitor28_ch20,6.8,W422X,M,W0,R1
451,450,adj_Monitor28_ch21,4.6,W422X,M,W0,R1
452,451,adj_Monitor28_ch22,8.2,W422X,M,W0,R1
453,452,adj_Monitor28_ch23,3.4,W422X,M,W0,R1
454,453,adj_Monitor28_ch24,7,W422X,M,W0,R1
455,454,adj_Monitor28_ch26,4.4,W422X,M,W0,R1
456,455,adj_Monitor28_ch27,6.8,W422X,M,W0,R1
457,456,adj_Monitor28_ch28,7.6,W422X,M,W0,R1
458,457,adj_Monitor28_ch29,3.8,W422X,M,W0,R1
459,458,adj_Monitor28_ch3,4.4,W422X,M,W0,R1
460,459,adj_Monitor28_ch31,5.2,W422X,M,W0,R1
461,460,adj_Monitor28_ch32,4.6,W422X,M,W0,R1
462,461,adj_Monitor28_ch4,3.6,W422X,M,W0,R1
463,462,adj_Monitor28_ch5,6.4,W422X,M,W0,R1
464,463,adj_Monitor28_ch6,4.8,W422X,M,W0,R1
465,464,adj_Monitor28_ch7,4.8,W422X,M,W0,R1
466,465,adj_Monitor28_ch8,5.6,W422X,M,W0,R1
467,466,adj_Monitor28_ch9,5,W422X,M,W0,R1
468,467,adj_Monitor2_ch1,1.6,WG2,M,W0,R2
469,468,adj_Monitor2_ch10,4.8,WG2,M,W0,R2
470,469,adj_Monitor2_ch11,4.4,WG2,M,W0,R2
471,470,adj_Monitor2_ch12,2.2,WG2,M,W0,R2
472,471,adj_Monitor2_ch13,3,WG2,M,W0,R2
473,472,adj_Monitor2_ch15,6.2,WG2,M,W0,R2
474,473,adj_Monitor2_ch16,1.6,WG2,M,W0,R2
475,474,adj_Monitor2_ch17,7.4,WG2,M,W0,R2
476,475,adj_Monitor2_ch18,9.2,WG2,M,W0,R2
477,476,adj_Monitor2_ch19,4.6,WG2,M,W0,R2
478,477,adj_Monitor2_ch2,5.8,WG2,M,W0,R2
479,478,adj_Monitor2_ch20,1.6,WG2,M,W0,R2
480,479,adj_Monitor2_ch21,2.6,WG2,M,W0,R2
481,480,adj_Monitor2_ch22,5.2,WG2,M,W0,R2
482,481,adj_Monitor2_ch23,5.6,WG2,M,W0,R2
483,482,adj_Monitor2_ch24,1.8,WG2,M,W0,R2
484,483,adj_Monitor2_ch25,5.6,WG2,M,W0,R2
485,484,adj_Monitor2_ch26,2.2,WG2,M,W0,R2
486,485,adj_Monitor2_ch27,4.6,WG2,M,W0,R2
487,486,adj_Monitor2_ch28,6.2,WG2,M,W0,R2
488,487,adj_Monitor2_ch29,2.6,WG2,M,W0,R2
489,488,adj_Monitor2_ch3,5.4,WG2,M,W0,R2
490,489,adj_Monitor2_ch30,3.2,WG2,M,W0,R2
491,490,adj_Monitor2_ch31,5,WG2,M,W0,R2
492,491,adj_Monitor2_ch32,2.8,WG2,M,W0,R2
493,492,adj_Monitor2_ch4,3.8,WG2,M,W0,R2
494,493,adj_Monitor2_ch5,5,WG2,M,W0,R2
495,494,adj_Monitor2_ch6,4,WG2,M,W0,R2
496,495,adj_Monitor2_ch7,3.8,WG2,M,W0,R2
497,496,adj_Monitor2_ch8,7.2,WG2,M,W0,R2
498,497,adj_Monitor2_ch9,2.2,WG2,M,W0,R2
499,498,adj_Monitor30_ch1,6,Y160C,F,W0,R1
500,499,adj_Monitor30_ch10,11,Y160C,F,W0,R1
501,500,adj_Monitor30_ch11,9.4,Y160C,F,W0,R1
502,501,adj_Monitor30_ch12,3.2,Y160C,F,W0,R1
503,502,adj_Monitor30_ch13,5.6,Y160C,F,W0,R1
504,503,adj_Monitor30_ch14,10.8,Y160C,F,W0,R1
505,504,adj_Monitor30_ch15,11.2,Y160C,F,W0,R1
506,505,adj_Monitor30_ch16,6.6,Y160C,F,W0,R1
507,506,adj_Monitor30_ch17,11.2,Y160C,F,W0,R1
508,507,adj_Monitor30_ch19,7.8,Y160C,F,W0,R1
509,508,adj_Monitor30_ch2,7,Y160C,F,W0,R1
510,509,adj_Monitor30_ch20,5.4,Y160C,F,W0,R1
511,510,adj_Monitor30_ch21,10.2,Y160C,F,W0,R1
512,511,adj_Monitor30_ch22,8,Y160C,F,W0,R1
513,512,adj_Monitor30_ch23,9.8,Y160C,F,W0,R1
514,513,adj_Monitor30_ch24,3.8,Y160C,F,W0,R1
515,514,adj_Monitor30_ch25,5.6,Y160C,F,W0,R1
516,515,adj_Monitor30_ch26,3,Y160C,F,W0,R1
517,516,adj_Monitor30_ch27,8.2,Y160C,F,W0,R1
518,517,adj_Monitor30_ch28,10.6,Y160C,F,W0,R1
519,518,adj_Monitor30_ch29,7,Y160C,F,W0,R1
520,519,adj_Monitor30_ch3,5.8,Y160C,F,W0,R1
521,520,adj_Monitor30_ch30,8.8,Y160C,F,W0,R1
522,521,adj_Monitor30_ch31,11.2,Y160C,F,W0,R1
523,522,adj_Monitor30_ch32,9,Y160C,F,W0,R1
524,523,adj_Monitor30_ch4,9.8,Y160C,F,W0,R1
525,524,adj_Monitor30_ch6,11.4,Y160C,F,W0,R1
526,525,adj_Monitor30_ch7,7.4,Y160C,F,W0,R1
527,526,adj_Monitor30_ch8,8.8,Y160C,F,W0,R1
528,527,adj_Monitor30_ch9,10.6,Y160C,F,W0,R1
529,528,adj_Monitor31_ch1,8,W422X,M,W0,R4
530,529,adj_Monitor31_ch10,4.6,W422X,M,W0,R4
531,530,adj_Monitor31_ch11,4.2,W422X,M,W0,R4
532,531,adj_Monitor31_ch12,1.8,W422X,M,W0,R4
533,532,adj_Monitor31_ch13,5.2,W422X,M,W0,R4
534,533,adj_Monitor31_ch14,10.4,W422X,M,W0,R4
535,534,adj_Monitor31_ch15,6.2,W422X,M,W0,R4
536,535,adj_Monitor31_ch16,7.6,W422X,M,W0,R4
537,536,adj_Monitor31_ch17,5.8,W422X,M,W0,R4
538,537,adj_Monitor31_ch18,4.2,W422X,M,W0,R4
539,538,adj_Monitor31_ch19,6,W422X,M,W0,R4
540,539,adj_Monitor31_ch2,6.4,W422X,M,W0,R4
541,540,adj_Monitor31_ch20,2.8,W422X,M,W0,R4
542,541,adj_Monitor31_ch21,4.6,W422X,M,W0,R4
543,542,adj_Monitor31_ch22,7.2,W422X,M,W0,R4
544,543,adj_Monitor31_ch23,4,W422X,M,W0,R4
545,544,adj_Monitor31_ch24,3,W422X,M,W0,R4
546,545,adj_Monitor31_ch25,5,W422X,M,W0,R4
547,546,adj_Monitor31_ch26,2.2,W422X,M,W0,R4
548,547,adj_Monitor31_ch27,5.6,W422X,M,W0,R4
549,548,adj_Monitor31_ch28,2,W422X,M,W0,R4
550,549,adj_Monitor31_ch3,6.4,W422X,M,W0,R4
551,550,adj_Monitor31_ch30,8.4,W422X,M,W0,R4
552,551,adj_Monitor31_ch31,7.4,W422X,M,W0,R4
553,552,adj_Monitor31_ch32,4.2,W422X,M,W0,R4
554,553,adj_Monitor31_ch4,6.2,W422X,M,W0,R4
555,554,adj_Monitor31_ch5,7,W422X,M,W0,R4
556,555,adj_Monitor31_ch6,3,W422X,M,W0,R4
557,556,adj_Monitor31_ch7,3.6,W422X,M,W0,R4
558,557,adj_Monitor31_ch8,10.4,W422X,M,W0,R4
559,558,adj_Monitor31_ch9,3.2,W422X,M,W0,R4
560,559,adj_Monitor32_ch1,5.2,WG2,M,W0,R1
561,560,adj_Monitor32_ch10,4.6,WG2,M,W0,R1
562,561,adj_Monitor32_ch11,3.8,WG2,M,W0,R1
563,562,adj_Monitor32_ch12,1.6,WG2,M,W0,R1
564,563,adj_Monitor32_ch13,8.2,WG2,M,W0,R1
565,564,adj_Monitor32_ch14,9.8,WG2,M,W0,R1
566,565,adj_Monitor32_ch15,2.4,WG2,M,W0,R1
567,566,adj_Monitor32_ch16,2.8,WG2,M,W0,R1
568,567,adj_Monitor32_ch17,3.2,WG2,M,W0,R1
569,568,adj_Monitor32_ch18,4.8,WG2,M,W0,R1
570,569,adj_Monitor32_ch19,6,WG2,M,W0,R1
571,570,adj_Monitor32_ch2,0.6,WG2,M,W0,R1
572,571,adj_Monitor32_ch20,4.6,WG2,M,W0,R1
573,572,adj_Monitor32_ch21,10.2,WG2,M,W0,R1
574,573,adj_Monitor32_ch22,4.4,WG2,M,W0,R1
575,574,adj_Monitor32_ch23,3.8,WG2,M,W0,R1
576,575,adj_Monitor32_ch24,3.6,WG2,M,W0,R1
577,576,adj_Monitor32_ch25,1.2,WG2,M,W0,R1
578,577,adj_Monitor32_ch26,2.6,WG2,M,W0,R1
579,578,adj_Monitor32_ch27,2,WG2,M,W0,R1
580,579,adj_Monitor32_ch28,3.2,WG2,M,W0,R1
581,580,adj_Monitor32_ch29,4.4,WG2,M,W0,R1
582,581,adj_Monitor32_ch3,5.4,WG2,M,W0,R1
583,582,adj_Monitor32_ch31,1.2,WG2,M,W0,R1
584,583,adj_Monitor32_ch32,1.2,WG2,M,W0,R1
585,584,adj_Monitor32_ch4,1.4,WG2,M,W0,R1
586,585,adj_Monitor32_ch5,2.2,WG2,M,W0,R1
587,586,adj_Monitor32_ch6,4.4,WG2,M,W0,R1
588,587,adj_Monitor32_ch7,5.2,WG2,M,W0,R1
589,588,adj_Monitor32_ch8,2.2,WG2,M,W0,R1
590,589,adj_Monitor32_ch9,7,WG2,M,W0,R1
591,590,adj_Monitor33_ch1,4,Y160C,M,W0,R3
592,591,adj_Monitor33_ch10,4.4,Y160C,M,W0,R3
593,592,adj_Monitor33_ch11,6.6,Y160C,M,W0,R3
594,593,adj_Monitor33_ch12,3.8,Y160C,M,W0,R3
595,594,adj_Monitor33_ch14,2.8,Y160C,M,W0,R3
596,595,adj_Monitor33_ch15,8.6,Y160C,M,W0,R3
597,596,adj_Monitor33_ch16,8,Y160C,M,W0,R3
598,597,adj_Monitor33_ch17,3.2,Y160C,M,W0,R3
599,598,adj_Monitor33_ch18,6.6,Y160C,M,W0,R3
600,599,adj_Monitor33_ch19,4,Y160C,M,W0,R3
601,600,adj_Monitor33_ch2,8.8,Y160C,M,W0,R3
602,601,adj_Monitor33_ch20,7.4,Y160C,M,W0,R3
603,602,adj_Monitor33_ch21,5.4,Y160C,M,W0,R3
604,603,adj_Monitor33_ch22,6,Y160C,M,W0,R3
605,604,adj_Monitor33_ch23,7,Y160C,M,W0,R3
606,605,adj_Monitor33_ch24,7.4,Y160C,M,W0,R3
607,606,adj_Monitor33_ch25,3,Y160C,M,W0,R3
608,607,adj_Monitor33_ch26,4.2,Y160C,M,W0,R3
609,608,adj_Monitor33_ch27,8.6,Y160C,M,W0,R3
610,609,adj_Monitor33_ch28,6.2,Y160C,M,W0,R3
611,610,adj_Monitor33_ch29,5.6,Y160C,M,W0,R3
612,611,adj_Monitor33_ch3,4.2,Y160C,M,W0,R3
613,612,adj_Monitor33_ch30,8.2,Y160C,M,W0,R3
614,613,adj_Monitor33_ch31,6,Y160C,M,W0,R3
615,614,adj_Monitor33_ch32,3.2,Y160C,M,W0,R3
616,615,adj_Monitor33_ch4,5.6,Y160C,M,W0,R3
617,616,adj_Monitor33_ch5,6.6,Y160C,M,W0,R3
618,617,adj_Monitor33_ch6,12.2,Y160C,M,W0,R3
619,618,adj_Monitor33_ch7,5.2,Y160C,M,W0,R3
620,619,adj_Monitor33_ch8,3,Y160C,M,W0,R3
621,620,adj_Monitor33_ch9,1,Y160C,M,W0,R3
622,621,adj_Monitor34_ch1,8.2,KO,M,W0,R1
623,622,adj_Monitor34_ch10,7.6,KO,M,W0,R1
624,623,adj_Monitor34_ch11,5.2,KO,M,W0,R1
625,624,adj_Monitor34_ch13,6.2,KO,M,W0,R1
626,625,adj_Monitor34_ch14,7.2,KO,M,W0,R1
627,626,adj_Monitor34_ch15,7,KO,M,W0,R1
628,627,adj_Monitor34_ch16,7.4,KO,M,W0,R1
629,628,adj_Monitor34_ch17,6.6,KO,M,W0,R1
630,629,adj_Monitor34_ch18,6,KO,M,W0,R1
631,630,adj_Monitor34_ch19,8.2,KO,M,W0,R1
632,631,adj_Monitor34_ch2,4.2,KO,M,W0,R1
633,632,adj_Monitor34_ch20,4.2,KO,M,W0,R1
634,633,adj_Monitor34_ch22,6.6,KO,M,W0,R1
635,634,adj_Monitor34_ch23,4.4,KO,M,W0,R1
636,635,adj_Monitor34_ch24,11.4,KO,M,W0,R1
637,636,adj_Monitor34_ch25,6,KO,M,W0,R1
638,637,adj_Monitor34_ch26,12.6,KO,M,W0,R1
639,638,adj_Monitor34_ch27,3.4,KO,M,W0,R1
640,639,adj_Monitor34_ch28,7.8,KO,M,W0,R1
641,640,adj_Monitor34_ch29,6.4,KO,M,W0,R1
642,641,adj_Monitor34_ch3,7,KO,M,W0,R1
643,642,adj_Monitor34_ch30,8.2,KO,M,W0,R1
644,643,adj_Monitor34_ch31,6,KO,M,W0,R1
645,644,adj_Monitor34_ch32,6.4,KO,M,W0,R1
646,645,adj_Monitor34_ch4,7.6,KO,M,W0,R1
647,646,adj_Monitor34_ch5,7.8,KO,M,W0,R1
648,647,adj_Monitor34_ch6,9.6,KO,M,W0,R1
649,648,adj_Monitor34_ch7,4.4,KO,M,W0,R1
650,649,adj_Monitor34_ch8,6.4,KO,M,W0,R1
651,650,adj_Monitor34_ch9,11,KO,M,W0,R1
652,651,adj_Monitor35_ch1,7.2,KO,M,W0,R3
653,652,adj_Monitor35_ch10,9.4,KO,M,W0,R3
654,653,adj_Monitor35_ch11,5.8,KO,M,W0,R3
655,654,adj_Monitor35_ch12,5.2,KO,M,W0,R3
656,655,adj_Monitor35_ch13,7,KO,M,W0,R3
657,656,adj_Monitor35_ch14,7,KO,M,W0,R3
658,657,adj_Monitor35_ch15,5,KO,M,W0,R3
659,658,adj_Monitor35_ch16,4.2,KO,M,W0,R3
660,659,adj_Monitor35_ch17,6,KO,M,W0,R3
661,660,adj_Monitor35_ch18,3,KO,M,W0,R3
662,661,adj_Monitor35_ch19,4.4,KO,M,W0,R3
663,662,adj_Monitor35_ch2,1.8,KO,M,W0,R3
664,663,adj_Monitor35_ch20,4.4,KO,M,W0,R3
665,664,adj_Monitor35_ch21,6.8,KO,M,W0,R3
666,665,adj_Monitor35_ch22,2.8,KO,M,W0,R3
667,666,adj_Monitor35_ch24,2.2,KO,M,W0,R3
668,667,adj_Monitor35_ch25,2.8,KO,M,W0,R3
669,668,adj_Monitor35_ch26,7.4,KO,M,W0,R3
670,669,adj_Monitor35_ch27,1.8,KO,M,W0,R3
671,670,adj_Monitor35_ch28,2.4,KO,M,W0,R3
672,671,adj_Monitor35_ch29,5,KO,M,W0,R3
673,672,adj_Monitor35_ch3,5.6,KO,M,W0,R3
674,673,adj_Monitor35_ch30,4,KO,M,W0,R3
675,674,adj_Monitor35_ch31,7.2,KO,M,W0,R3
676,675,adj_Monitor35_ch32,5.4,KO,M,W0,R3
677,676,adj_Monitor35_ch5,6.6,KO,M,W0,R3
678,677,adj_Monitor35_ch6,4.6,KO,M,W0,R3
679,678,adj_Monitor35_ch7,8.4,KO,M,W0,R3
680,679,adj_Monitor35_ch8,7.2,KO,M,W0,R3
681,680,adj_Monitor35_ch9,7.4,KO,M,W0,R3
682,681,adj_Monitor38_ch1,6.2,KO,M,W0,R4
683,682,adj_Monitor38_ch10,13.4,KO,M,W0,R4
684,683,adj_Monitor38_ch11,3.8,KO,M,W0,R4
685,684,adj_Monitor38_ch12,11.2,KO,M,W0,R4
686,685,adj_Monitor38_ch13,11.4,KO,M,W0,R4
687,686,adj_Monitor38_ch14,6.2,KO,M,W0,R4
688,687,adj_Monitor38_ch15,8,KO,M,W0,R4
689,688,adj_Monitor38_ch16,7,KO,M,W0,R4
690,689,adj_Monitor38_ch17,6,KO,M,W0,R4
691,690,adj_Monitor38_ch18,3.6,KO,M,W0,R4
692,691,adj_Monitor38_ch19,7.4,KO,M,W0,R4
693,692,adj_Monitor38_ch2,7.8,KO,M,W0,R4
694,693,adj_Monitor38_ch20,5.8,KO,M,W0,R4
695,694,adj_Monitor38_ch21,5.2,KO,M,W0,R4
696,695,adj_Monitor38_ch22,7.8,KO,M,W0,R4
697,696,adj_Monitor38_ch23,5.2,KO,M,W0,R4
698,697,adj_Monitor38_ch24,6.8,KO,M,W0,R4
699,698,adj_Monitor38_ch25,6.4,KO,M,W0,R4
700,699,adj_Monitor38_ch26,9,KO,M,W0,R4
701,700,adj_Monitor38_ch27,5.2,KO,M,W0,R4
702,701,adj_Monitor38_ch28,7.8,KO,M,W0,R4
703,702,adj_Monitor38_ch29,4.2,KO,M,W0,R4
704,703,adj_Monitor38_ch30,6.2,KO,M,W0,R4
705,704,adj_Monitor38_ch31,4.8,KO,M,W0,R4
706,705,adj_Monitor38_ch4,7.4,KO,M,W0,R4
707,706,adj_Monitor38_ch5,5.2,KO,M,W0,R4
708,707,adj_Monitor38_ch6,4.6,KO,M,W0,R4
709,708,adj_Monitor38_ch7,6.4,KO,M,W0,R4
710,709,adj_Monitor38_ch8,15.4,KO,M,W0,R4
711,710,adj_Monitor38_ch9,10.4,KO,M,W0,R4
712,711,adj_Monitor39_ch1,6,W422X,M,W0,R2
713,712,adj_Monitor39_ch10,2.8,W422X,M,W0,R2
714,713,adj_Monitor39_ch11,2.4,W422X,M,W0,R2
715,714,adj_Monitor39_ch12,7.6,W422X,M,W0,R2
716,715,adj_Monitor39_ch13,4.8,W422X,M,W0,R2
717,716,adj_Monitor39_ch14,5.6,W422X,M,W0,R2
718,717,adj_Monitor39_ch15,2.2,W422X,M,W0,R2
719,718,adj_Monitor39_ch16,5.2,W422X,M,W0,R2
720,719,adj_Monitor39_ch17,0.8,W422X,M,W0,R2
721,720,adj_Monitor39_ch18,4.6,W422X,M,W0,R2
722,721,adj_Monitor39_ch19,7.4,W422X,M,W0,R2
723,722,adj_Monitor39_ch2,6.8,W422X,M,W0,R2
724,723,adj_Monitor39_ch20,7.2,W422X,M,W0,R2
725,724,adj_Monitor39_ch21,7.2,W422X,M,W0,R2
726,725,adj_Monitor39_ch22,4,W422X,M,W0,R2
727,726,adj_Monitor39_ch23,7.6,W422X,M,W0,R2
728,727,adj_Monitor39_ch24,2.8,W422X,M,W0,R2
729,728,adj_Monitor39_ch25,7.6,W422X,M,W0,R2
730,729,adj_Monitor39_ch26,3.8,W422X,M,W0,R2
731,730,adj_Monitor39_ch27,3.6,W422X,M,W0,R2
732,731,adj_Monitor39_ch28,7.2,W422X,M,W0,R2
733,732,adj_Monitor39_ch29,3.8,W422X,M,W0,R2
734,733,adj_Monitor39_ch3,7.6,W422X,M,W0,R2
735,734,adj_Monitor39_ch30,3.2,W422X,M,W0,R2
736,735,adj_Monitor39_ch31,5.8,W422X,M,W0,R2
737,736,adj_Monitor39_ch32,4.6,W422X,M,W0,R2
738,737,adj_Monitor39_ch4,3.8,W422X,M,W0,R2
739,738,adj_Monitor39_ch5,3,W422X,M,W0,R2
740,739,adj_Monitor39_ch6,2.2,W422X,M,W0,R2
741,740,adj_Monitor39_ch7,10.6,W422X,M,W0,R2
742,741,adj_Monitor39_ch8,5.6,W422X,M,W0,R2
743,742,adj_Monitor39_ch9,6.2,W422X,M,W0,R2
744,743,adj_Monitor3_ch1,2.2,W422X,M,W0,R3
745,744,adj_Monitor3_ch10,7.8,W422X,M,W0,R3
746,745,adj_Monitor3_ch11,4,W422X,M,W0,R3
747,746,adj_Monitor3_ch12,5.4,W422X,M,W0,R3
748,747,adj_Monitor3_ch13,5.2,W422X,M,W0,R3
749,748,adj_Monitor3_ch14,9.6,W422X,M,W0,R3
750,749,adj_Monitor3_ch15,6.2,W422X,M,W0,R3
751,750,adj_Monitor3_ch16,4.8,W422X,M,W0,R3
752,751,adj_Monitor3_ch17,5.2,W422X,M,W0,R3
753,752,adj_Monitor3_ch18,4.6,W422X,M,W0,R3
754,753,adj_Monitor3_ch19,5.2,W422X,M,W0,R3
755,754,adj_Monitor3_ch2,3.8,W422X,M,W0,R3
756,755,adj_Monitor3_ch20,7.6,W422X,M,W0,R3
757,756,adj_Monitor3_ch21,3.2,W422X,M,W0,R3
758,757,adj_Monitor3_ch22,5.8,W422X,M,W0,R3
759,758,adj_Monitor3_ch23,2.4,W422X,M,W0,R3
760,759,adj_Monitor3_ch24,4,W422X,M,W0,R3
761,760,adj_Monitor3_ch25,4.2,W422X,M,W0,R3
762,761,adj_Monitor3_ch26,1.8,W422X,M,W0,R3
763,762,adj_Monitor3_ch27,3.6,W422X,M,W0,R3
764,763,adj_Monitor3_ch28,3.4,W422X,M,W0,R3
765,764,adj_Monitor3_ch29,6.2,W422X,M,W0,R3
766,765,adj_Monitor3_ch3,2.4,W422X,M,W0,R3
767,766,adj_Monitor3_ch30,6.2,W422X,M,W0,R3
768,767,adj_Monitor3_ch31,7,W422X,M,W0,R3
769,768,adj_Monitor3_ch32,3.6,W422X,M,W0,R3
770,769,adj_Monitor3_ch4,5.4,W422X,M,W0,R3
771,770,adj_Monitor3_ch5,7.8,W422X,M,W0,R3
772,771,adj_Monitor3_ch6,7,W422X,M,W0,R3
773,772,adj_Monitor3_ch7,3.6,W422X,M,W0,R3
774,773,adj_Monitor3_ch8,2.2,W422X,M,W0,R3
775,774,adj_Monitor3_ch9,9.8,W422X,M,W0,R3
776,775,adj_Monitor41_ch1,5,Y160C,M,W0,R4
777,776,adj_Monitor41_ch10,3.6,Y160C,M,W0,R4
778,777,adj_Monitor41_ch11,6.8,Y160C,M,W0,R4
779,778,adj_Monitor41_ch12,4.2,Y160C,M,W0,R4
780,779,adj_Monitor41_ch13,10,Y160C,M,W0,R4
781,780,adj_Monitor41_ch14,9,Y160C,M,W0,R4
782,781,adj_Monitor41_ch15,10.6,Y160C,M,W0,R4
783,782,adj_Monitor41_ch16,4.4,Y160C,M,W0,R4
784,783,adj_Monitor41_ch17,6.2,Y160C,M,W0,R4
785,784,adj_Monitor41_ch18,7.2,Y160C,M,W0,R4
786,785,adj_Monitor41_ch19,1.6,Y160C,M,W0,R4
787,786,adj_Monitor41_ch2,6.6,Y160C,M,W0,R4
788,787,adj_Monitor41_ch20,3.8,Y160C,M,W0,R4
789,788,adj_Monitor41_ch21,6.6,Y160C,M,W0,R4
790,789,adj_Monitor41_ch22,5,Y160C,M,W0,R4
791,790,adj_Monitor41_ch23,6.2,Y160C,M,W0,R4
792,791,adj_Monitor41_ch24,6.2,Y160C,M,W0,R4
793,792,adj_Monitor41_ch25,2.6,Y160C,M,W0,R4
794,793,adj_Monitor41_ch26,2.6,Y160C,M,W0,R4
795,794,adj_Monitor41_ch27,4,Y160C,M,W0,R4
796,795,adj_Monitor41_ch28,3.6,Y160C,M,W0,R4
797,796,adj_Monitor41_ch29,4.8,Y160C,M,W0,R4
798,797,adj_Monitor41_ch3,6.8,Y160C,M,W0,R4
799,798,adj_Monitor41_ch30,9.6,Y160C,M,W0,R4
800,799,adj_Monitor41_ch31,4.6,Y160C,M,W0,R4
801,800,adj_Monitor41_ch32,4.6,Y160C,M,W0,R4
802,801,adj_Monitor41_ch4,6,Y160C,M,W0,R4
803,802,adj_Monitor41_ch5,7.4,Y160C,M,W0,R4
804,803,adj_Monitor41_ch6,3.2,Y160C,M,W0,R4
805,804,adj_Monitor41_ch7,6.4,Y160C,M,W0,R4
806,805,adj_Monitor41_ch8,4.4,Y160C,M,W0,R4
807,806,adj_Monitor41_ch9,3.2,Y160C,M,W0,R4
808,807,adj_Monitor42_ch1,5.6,W422X,F,W0,R2
809,808,adj_Monitor42_ch10,5.6,W422X,F,W0,R2
810,809,adj_Monitor42_ch11,3.4,W422X,F,W0,R2
811,810,adj_Monitor42_ch12,6.6,W422X,F,W0,R2
812,811,adj_Monitor42_ch13,10.6,W422X,F,W0,R2
813,812,adj_Monitor42_ch14,7.4,W422X,F,W0,R2
814,813,adj_Monitor42_ch15,9.8,W422X,F,W0,R2
815,814,adj_Monitor42_ch16,2.2,W422X,F,W0,R2
816,815,adj_Monitor42_ch17,1.2,W422X,F,W0,R2
817,816,adj_Monitor42_ch18,9.6,W422X,F,W0,R2
818,817,adj_Monitor42_ch19,0.2,W422X,F,W0,R2
819,818,adj_Monitor42_ch2,8.4,W422X,F,W0,R2
820,819,adj_Monitor42_ch20,3,W422X,F,W0,R2
821,820,adj_Monitor42_ch21,6.8,W422X,F,W0,R2
822,821,adj_Monitor42_ch22,2.4,W422X,F,W0,R2
823,822,adj_Monitor42_ch23,9.4,W422X,F,W0,R2
824,823,adj_Monitor42_ch24,10.6,W422X,F,W0,R2
825,824,adj_Monitor42_ch25,5.2,W422X,F,W0,R2
826,825,adj_Monitor42_ch26,1,W422X,F,W0,R2
827,826,adj_Monitor42_ch27,3.6,W422X,F,W0,R2
828,827,adj_Monitor42_ch28,4.8,W422X,F,W0,R2
829,828,adj_Monitor42_ch29,7.4,W422X,F,W0,R2
830,829,adj_Monitor42_ch3,6.8,W422X,F,W0,R2
831,830,adj_Monitor42_ch30,5.8,W422X,F,W0,R2
832,831,adj_Monitor42_ch31,3.8,W422X,F,W0,R2
833,832,adj_Monitor42_ch32,1.2,W422X,F,W0,R2
834,833,adj_Monitor42_ch4,3.4,W422X,F,W0,R2
835,834,adj_Monitor42_ch5,7.4,W422X,F,W0,R2
836,835,adj_Monitor42_ch6,4.8,W422X,F,W0,R2
837,836,adj_Monitor42_ch7,8.2,W422X,F,W0,R2
838,837,adj_Monitor42_ch8,0.8,W422X,F,W0,R2
839,838,adj_Monitor42_ch9,9.6,W422X,F,W0,R2
840,839,adj_Monitor45_ch1,2.6,KO,F,W0,R3
841,840,adj_Monitor45_ch10,5.4,KO,F,W0,R3
842,841,adj_Monitor45_ch11,7.8,KO,F,W0,R3
843,842,adj_Monitor45_ch12,9.4,KO,F,W0,R3
844,843,adj_Monitor45_ch13,3.8,KO,F,W0,R3
845,844,adj_Monitor45_ch14,3.8,KO,F,W0,R3
846,845,adj_Monitor45_ch15,5.4,KO,F,W0,R3
847,846,adj_Monitor45_ch16,6,KO,F,W0,R3
848,847,adj_Monitor45_ch17,12.6,KO,F,W0,R3
849,848,adj_Monitor45_ch18,9,KO,F,W0,R3
850,849,adj_Monitor45_ch19,4.8,KO,F,W0,R3
851,850,adj_Monitor45_ch2,7.4,KO,F,W0,R3
852,851,adj_Monitor45_ch20,13.4,KO,F,W0,R3
853,852,adj_Monitor45_ch21,8.4,KO,F,W0,R3
854,853,adj_Monitor45_ch22,9,KO,F,W0,R3
855,854,adj_Monitor45_ch23,6.4,KO,F,W0,R3
856,855,adj_Monitor45_ch25,9,KO,F,W0,R3
857,856,adj_Monitor45_ch26,9.6,KO,F,W0,R3
858,857,adj_Monitor45_ch27,3.2,KO,F,W0,R3
859,858,adj_Monitor45_ch28,9,KO,F,W0,R3
860,859,adj_Monitor45_ch29,9,KO,F,W0,R3
861,860,adj_Monitor45_ch3,4.4,KO,F,W0,R3
862,861,adj_Monitor45_ch30,3,KO,F,W0,R3
863,862,adj_Monitor45_ch31,5.2,KO,F,W0,R3
864,863,adj_Monitor45_ch32,9.8,KO,F,W0,R3
865,864,adj_Monitor45_ch4,8.2,KO,F,W0,R3
866,865,adj_Monitor45_ch5,7.2,KO,F,W0,R3
867,866,adj_Monitor45_ch6,15.4,KO,F,W0,R3
868,867,adj_Monitor45_ch7,3.6,KO,F,W0,R3
869,868,adj_Monitor45_ch8,9.6,KO,F,W0,R3
870,869,adj_Monitor45_ch9,6.2,KO,F,W0,R3
871,870,adj_Monitor49_ch1,3.4,Y160C,M,W0,R2
872,871,adj_Monitor49_ch10,3,Y160C,M,W0,R2
873,872,adj_Monitor49_ch11,10.8,Y160C,M,W0,R2
874,873,adj_Monitor49_ch12,6.2,Y160C,M,W0,R2
875,874,adj_Monitor49_ch13,7.2,Y160C,M,W0,R2
876,875,adj_Monitor49_ch14,4.2,Y160C,M,W0,R2
877,876,adj_Monitor49_ch15,7,Y160C,M,W0,R2
878,877,adj_Monitor49_ch16,8.4,Y160C,M,W0,R2
879,878,adj_Monitor49_ch17,7.4,Y160C,M,W0,R2
880,879,adj_Monitor49_ch18,4.4,Y160C,M,W0,R2
881,880,adj_Monitor49_ch19,7.6,Y160C,M,W0,R2
882,881,adj_Monitor49_ch2,10.8,Y160C,M,W0,R2
883,882,adj_Monitor49_ch20,8.8,Y160C,M,W0,R2
884,883,adj_Monitor49_ch21,4.4,Y160C,M,W0,R2
885,884,adj_Monitor49_ch22,3.8,Y160C,M,W0,R2
886,885,adj_Monitor49_ch23,3.4,Y160C,M,W0,R2
887,886,adj_Monitor49_ch24,3.6,Y160C,M,W0,R2
888,887,adj_Monitor49_ch25,5,Y160C,M,W0,R2
889,888,adj_Monitor49_ch26,3.4,Y160C,M,W0,R2
890,889,adj_Monitor49_ch27,4.6,Y160C,M,W0,R2
891,890,adj_Monitor49_ch28,5.6,Y160C,M,W0,R2
892,891,adj_Monitor49_ch29,3.6,Y160C,M,W0,R2
893,892,adj_Monitor49_ch3,5.2,Y160C,M,W0,R2
894,893,adj_Monitor49_ch30,5.4,Y160C,M,W0,R2
895,894,adj_Monitor49_ch31,8.6,Y160C,M,W0,R2
896,895,adj_Monitor49_ch32,9.8,Y160C,M,W0,R2
897,896,adj_Monitor49_ch4,9.2,Y160C,M,W0,R2
898,897,adj_Monitor49_ch5,3,Y160C,M,W0,R2
899,898,adj_Monitor49_ch6,7.6,Y160C,M,W0,R2
900,899,adj_Monitor49_ch7,6.8,Y160C,M,W0,R2
901,900,adj_Monitor49_ch8,9.8,Y160C,M,W0,R2
902,901,adj_Monitor49_ch9,9.2,Y160C,M,W0,R2
903,902,adj_Monitor50_ch1,4.8,W422X,F,W0,R3
904,903,adj_Monitor50_ch10,5.4,W422X,F,W0,R3
905,904,adj_Monitor50_ch11,2.6,W422X,F,W0,R3
906,905,adj_Monitor50_ch12,2.2,W422X,F,W0,R3
907,906,adj_Monitor50_ch13,3,W422X,F,W0,R3
908,907,adj_Monitor50_ch14,4,W422X,F,W0,R3
909,908,adj_Monitor50_ch15,4.4,W422X,F,W0,R3
910,909,adj_Monitor50_ch16,6,W422X,F,W0,R3
911,910,adj_Monitor50_ch17,3.2,W422X,F,W0,R3
912,911,adj_Monitor50_ch18,4.8,W422X,F,W0,R3
913,912,adj_Monitor50_ch19,8.6,W422X,F,W0,R3
914,913,adj_Monitor50_ch2,7.2,W422X,F,W0,R3
915,914,adj_Monitor50_ch20,5.6,W422X,F,W0,R3
916,915,adj_Monitor50_ch21,4,W422X,F,W0,R3
917,916,adj_Monitor50_ch22,1,W422X,F,W0,R3
918,917,adj_Monitor50_ch23,3.2,W422X,F,W0,R3
919,918,adj_Monitor50_ch24,9,W422X,F,W0,R3
920,919,adj_Monitor50_ch25,2.6,W422X,F,W0,R3
921,920,adj_Monitor50_ch26,3.6,W422X,F,W0,R3
922,921,adj_Monitor50_ch27,3.4,W422X,F,W0,R3
923,922,adj_Monitor50_ch28,9.4,W422X,F,W0,R3
924,923,adj_Monitor50_ch29,3.8,W422X,F,W0,R3
925,924,adj_Monitor50_ch3,6,W422X,F,W0,R3
926,925,adj_Monitor50_ch30,1.6,W422X,F,W0,R3
927,926,adj_Monitor50_ch31,4.4,W422X,F,W0,R3
928,927,adj_Monitor50_ch32,12.2,W422X,F,W0,R3
929,928,adj_Monitor50_ch4,4.4,W422X,F,W0,R3
930,929,adj_Monitor50_ch5,2.2,W422X,F,W0,R3
931,930,adj_Monitor50_ch6,11,W422X,F,W0,R3
932,931,adj_Monitor50_ch7,8,W422X,F,W0,R3
933,932,adj_Monitor50_ch8,8,W422X,F,W0,R3
934,933,adj_Monitor50_ch9,7.6,W422X,F,W0,R3
935,934,adj_Monitor5_ch1,4.6,WG2,F,W0,R2
936,935,adj_Monitor5_ch10,5.4,WG2,F,W0,R2
937,936,adj_Monitor5_ch11,4.2,WG2,F,W0,R2
938,937,adj_Monitor5_ch12,6,WG2,F,W0,R2
939,938,adj_Monitor5_ch13,8.2,WG2,F,W0,R2
940,939,adj_Monitor5_ch14,7.4,WG2,F,W0,R2
941,940,adj_Monitor5_ch15,5.6,WG2,F,W0,R2
942,941,adj_Monitor5_ch16,5.8,WG2,F,W0,R2
943,942,adj_Monitor5_ch18,5,WG2,F,W0,R2
944,943,adj_Monitor5_ch19,6.8,WG2,F,W0,R2
945,944,adj_Monitor5_ch2,6.2,WG2,F,W0,R2
946,945,adj_Monitor5_ch20,5.8,WG2,F,W0,R2
947,946,adj_Monitor5_ch21,10,WG2,F,W0,R2
948,947,adj_Monitor5_ch22,6.6,WG2,F,W0,R2
949,948,adj_Monitor5_ch23,5.6,WG2,F,W0,R2
950,949,adj_Monitor5_ch24,1.6,WG2,F,W0,R2
951,950,adj_Monitor5_ch25,4.8,WG2,F,W0,R2
952,951,adj_Monitor5_ch26,9.4,WG2,F,W0,R2
953,952,adj_Monitor5_ch27,6.4,WG2,F,W0,R2
954,953,adj_Monitor5_ch28,4.6,WG2,F,W0,R2
955,954,adj_Monitor5_ch29,3.2,WG2,F,W0,R2
956,955,adj_Monitor5_ch3,7.4,WG2,F,W0,R2
957,956,adj_Monitor5_ch30,2.2,WG2,F,W0,R2
958,957,adj_Monitor5_ch31,2.2,WG2,F,W0,R2
959,958,adj_Monitor5_ch32,2,WG2,F,W0,R2
960,959,adj_Monitor5_ch4,1.2,WG2,F,W0,R2
961,960,adj_Monitor5_ch5,6.4,WG2,F,W0,R2
962,961,adj_Monitor5_ch6,7.4,WG2,F,W0,R2
963,962,adj_Monitor5_ch7,3,WG2,F,W0,R2
964,963,adj_Monitor5_ch8,9.2,WG2,F,W0,R2
965,964,adj_Monitor6_ch1,3.6,KO,F,W0,R4
966,965,adj_Monitor6_ch10,7.6,KO,F,W0,R4
967,966,adj_Monitor6_ch11,11,KO,F,W0,R4
968,967,adj_Monitor6_ch12,3.8,KO,F,W0,R4
969,968,adj_Monitor6_ch13,7.8,KO,F,W0,R4
970,969,adj_Monitor6_ch14,3,KO,F,W0,R4
971,970,adj_Monitor6_ch15,2.4,KO,F,W0,R4
972,971,adj_Monitor6_ch16,8.4,KO,F,W0,R4
973,972,adj_Monitor6_ch17,1.8,KO,F,W0,R4
974,973,adj_Monitor6_ch18,11.4,KO,F,W0,R4
975,974,adj_Monitor6_ch19,4.4,KO,F,W0,R4
976,975,adj_Monitor6_ch2,9.6,KO,F,W0,R4
977,976,adj_Monitor6_ch20,2,KO,F,W0,R4
978,977,adj_Monitor6_ch21,5,KO,F,W0,R4
979,978,adj_Monitor6_ch22,10.8,KO,F,W0,R4
980,979,adj_Monitor6_ch23,6.4,KO,F,W0,R4
981,980,adj_Monitor6_ch24,4.2,KO,F,W0,R4
982,981,adj_Monitor6_ch25,9.6,KO,F,W0,R4
983,982,adj_Monitor6_ch26,4.6,KO,F,W0,R4
984,983,adj_Monitor6_ch27,6.4,KO,F,W0,R4
985,984,adj_Monitor6_ch28,3.6,KO,F,W0,R4
986,985,adj_Monitor6_ch29,3,KO,F,W0,R4
987,986,adj_Monitor6_ch3,14.4,KO,F,W0,R4
988,987,adj_Monitor6_ch30,7.6,KO,F,W0,R4
989,988,adj_Monitor6_ch31,3.2,KO,F,W0,R4
990,989,adj_Monitor6_ch32,9.2,KO,F,W0,R4
991,990,adj_Monitor6_ch4,6,KO,F,W0,R4
992,991,adj_Monitor6_ch5,5.6,KO,F,W0,R4
993,992,adj_Monitor6_ch6,10.4,KO,F,W0,R4
994,993,adj_Monitor6_ch7,6.2,KO,F,W0,R4
995,994,adj_Monitor6_ch8,9.4,KO,F,W0,R4
996,995,adj_Monitor6_ch9,8.2,KO,F,W0,R4
997,0,adj_Monitor10_ch1,9.2,WG2,F,W3,R1
998,1,adj_Monitor10_ch10,9,WG2,F,W3,R1
999,2,adj_Monitor10_ch11,9,WG2,F,W3,R1
1000,3,adj_Monitor10_ch12,12,WG2,F,W3,R1
1001,4,adj_Monitor10_ch13,8.4,WG2,F,W3,R1
1002,5,adj_Monitor10_ch14,8.6,WG2,F,W3,R1
1003,6,adj_Monitor10_ch15,11.6,WG2,F,W3,R1
1004,7,adj_Monitor10_ch16,7.8,WG2,F,W3,R1
1005,8,adj_Monitor10_ch17,10.8,WG2,F,W3,R1
1006,9,adj_Monitor10_ch18,12.4,WG2,F,W3,R1
1007,10,adj_Monitor10_ch19,5,WG2,F,W3,R1
1008,11,adj_Monitor10_ch2,11.4,WG2,F,W3,R1
1009,12,adj_Monitor10_ch20,15.6,WG2,F,W3,R1
1010,13,adj_Monitor10_ch21,5.2,WG2,F,W3,R1
1011,14,adj_Monitor10_ch22,2.8,WG2,F,W3,R1
1012,15,adj_Monitor10_ch23,17.4,WG2,F,W3,R1
1013,16,adj_Monitor10_ch24,17.6,WG2,F,W3,R1
1014,17,adj_Monitor10_ch25,9.4,WG2,F,W3,R1
1015,18,adj_Monitor10_ch26,4.2,WG2,F,W3,R1
1016,19,adj_Monitor10_ch27,16.4,WG2,F,W3,R1
1017,20,adj_Monitor10_ch28,8,WG2,F,W3,R1
1018,21,adj_Monitor10_ch29,4.4,WG2,F,W3,R1
1019,22,adj_Monitor10_ch3,8.4,WG2,F,W3,R1
1020,23,adj_Monitor10_ch30,14.2,WG2,F,W3,R1
1021,24,adj_Monitor10_ch31,13,WG2,F,W3,R1
1022,25,adj_Monitor10_ch32,9,WG2,F,W3,R1
1023,26,adj_Monitor10_ch4,6.8,WG2,F,W3,R1
1024,27,adj_Monitor10_ch5,14,WG2,F,W3,R1
1025,28,adj_Monitor10_ch6,9,WG2,F,W3,R1
1026,29,adj_Monitor10_ch7,6,WG2,F,W3,R1
1027,30,adj_Monitor10_ch8,8.4,WG2,F,W3,R1
1028,31,adj_Monitor10_ch9,15,WG2,F,W3,R1
1029,32,adj_Monitor11_ch1,3.2,Y160C,M,W3,R1
1030,33,adj_Monitor11_ch10,15.2,Y160C,M,W3,R1
1031,34,adj_Monitor11_ch11,8.8,Y160C,M,W3,R1
1032,35,adj_Monitor11_ch12,8.4,Y160C,M,W3,R1
1033,36,adj_Monitor11_ch13,6.4,Y160C,M,W3,R1
1034,37,adj_Monitor11_ch14,4.8,Y160C,M,W3,R1
1035,38,adj_Monitor11_ch15,11.8,Y160C,M,W3,R1
1036,39,adj_Monitor11_ch16,5.4,Y160C,M,W3,R1
1037,40,adj_Monitor11_ch17,10,Y160C,M,W3,R1
1038,41,adj_Monitor11_ch18,7.8,Y160C,M,W3,R1
1039,42,adj_Monitor11_ch19,8.2,Y160C,M,W3,R1
1040,43,adj_Monitor11_ch2,11.6,Y160C,M,W3,R1
1041,44,adj_Monitor11_ch20,13.4,Y160C,M,W3,R1
1042,45,adj_Monitor11_ch21,7.8,Y160C,M,W3,R1
1043,46,adj_Monitor11_ch22,6,Y160C,M,W3,R1
1044,47,adj_Monitor11_ch23,8.4,Y160C,M,W3,R1
1045,48,adj_Monitor11_ch24,6.2,Y160C,M,W3,R1
1046,49,adj_Monitor11_ch25,12.4,Y160C,M,W3,R1
1047,50,adj_Monitor11_ch26,9.2,Y160C,M,W3,R1
1048,51,adj_Monitor11_ch27,5.4,Y160C,M,W3,R1
1049,52,adj_Monitor11_ch28,8.8,Y160C,M,W3,R1
1050,53,adj_Monitor11_ch29,7.4,Y160C,M,W3,R1
1051,54,adj_Monitor11_ch32,8,Y160C,M,W3,R1
1052,55,adj_Monitor11_ch4,6,Y160C,M,W3,R1
1053,56,adj_Monitor11_ch5,10.4,Y160C,M,W3,R1
1054,57,adj_Monitor11_ch6,8.2,Y160C,M,W3,R1
1055,58,adj_Monitor11_ch7,4.4,Y160C,M,W3,R1
1056,59,adj_Monitor11_ch8,13.6,Y160C,M,W3,R1
1057,60,adj_Monitor13_ch1,8.8,KO,F,W3,R4
1058,61,adj_Monitor13_ch10,4.6,KO,F,W3,R4
1059,62,adj_Monitor13_ch11,11.4,KO,F,W3,R4
1060,63,adj_Monitor13_ch12,3.8,KO,F,W3,R4
1061,64,adj_Monitor13_ch13,17.6,KO,F,W3,R4
1062,65,adj_Monitor13_ch14,6.4,KO,F,W3,R4
1063,66,adj_Monitor13_ch15,13.6,KO,F,W3,R4
1064,67,adj_Monitor13_ch17,8.6,KO,F,W3,R4
1065,68,adj_Monitor13_ch18,9.6,KO,F,W3,R4
1066,69,adj_Monitor13_ch19,11.2,KO,F,W3,R4
1067,70,adj_Monitor13_ch2,6.8,KO,F,W3,R4
1068,71,adj_Monitor13_ch20,16.6,KO,F,W3,R4
1069,72,adj_Monitor13_ch21,14.8,KO,F,W3,R4
1070,73,adj_Monitor13_ch22,16.4,KO,F,W3,R4
1071,74,adj_Monitor13_ch23,13,KO,F,W3,R4
1072,75,adj_Monitor13_ch24,15.6,KO,F,W3,R4
1073,76,adj_Monitor13_ch25,18.8,KO,F,W3,R4
1074,77,adj_Monitor13_ch26,16.8,KO,F,W3,R4
1075,78,adj_Monitor13_ch27,14.2,KO,F,W3,R4
1076,79,adj_Monitor13_ch28,10.8,KO,F,W3,R4
1077,80,adj_Monitor13_ch29,10,KO,F,W3,R4
1078,81,adj_Monitor13_ch3,12,KO,F,W3,R4
1079,82,adj_Monitor13_ch30,7.2,KO,F,W3,R4
1080,83,adj_Monitor13_ch31,14.8,KO,F,W3,R4
1081,84,adj_Monitor13_ch32,13,KO,F,W3,R4
1082,85,adj_Monitor13_ch4,13.4,KO,F,W3,R4
1083,86,adj_Monitor13_ch5,2.6,KO,F,W3,R4
1084,87,adj_Monitor13_ch6,12.4,KO,F,W3,R4
1085,88,adj_Monitor13_ch7,9.4,KO,F,W3,R4
1086,89,adj_Monitor13_ch8,12.2,KO,F,W3,R4
1087,90,adj_Monitor13_ch9,13.8,KO,F,W3,R4
1088,91,adj_Monitor14_ch1,7.4,W422X,F,W3,R2
1089,92,adj_Monitor14_ch10,5,W422X,F,W3,R2
1090,93,adj_Monitor14_ch11,15.4,W422X,F,W3,R2
1091,94,adj_Monitor14_ch12,11.2,W422X,F,W3,R2
1092,95,adj_Monitor14_ch13,13.4,W422X,F,W3,R2
1093,96,adj_Monitor14_ch14,6.8,W422X,F,W3,R2
1094,97,adj_Monitor14_ch15,11.4,W422X,F,W3,R2
1095,98,adj_Monitor14_ch16,11.2,W422X,F,W3,R2
1096,99,adj_Monitor14_ch17,11,W422X,F,W3,R2
1097,100,adj_Monitor14_ch18,4.8,W422X,F,W3,R2
1098,101,adj_Monitor14_ch19,9.2,W422X,F,W3,R2
1099,102,adj_Monitor14_ch2,7.8,W422X,F,W3,R2
1100,103,adj_Monitor14_ch20,9.2,W422X,F,W3,R2
1101,104,adj_Monitor14_ch21,7.2,W422X,F,W3,R2
1102,105,adj_Monitor14_ch22,11,W422X,F,W3,R2
1103,106,adj_Monitor14_ch23,6,W422X,F,W3,R2
1104,107,adj_Monitor14_ch24,6.4,W422X,F,W3,R2
1105,108,adj_Monitor14_ch25,9.6,W422X,F,W3,R2
1106,109,adj_Monitor14_ch26,9.6,W422X,F,W3,R2
1107,110,adj_Monitor14_ch27,4.6,W422X,F,W3,R2
1108,111,adj_Monitor14_ch28,5.8,W422X,F,W3,R2
1109,112,adj_Monitor14_ch29,5,W422X,F,W3,R2
1110,113,adj_Monitor14_ch3,6.2,W422X,F,W3,R2
1111,114,adj_Monitor14_ch30,11.2,W422X,F,W3,R2
1112,115,adj_Monitor14_ch31,9.4,W422X,F,W3,R2
1113,116,adj_Monitor14_ch32,8.4,W422X,F,W3,R2
1114,117,adj_Monitor14_ch4,11,W422X,F,W3,R2
1115,118,adj_Monitor14_ch5,13.6,W422X,F,W3,R2
1116,119,adj_Monitor14_ch6,9.6,W422X,F,W3,R2
1117,120,adj_Monitor14_ch7,12.6,W422X,F,W3,R2
1118,121,adj_Monitor14_ch8,11.4,W422X,F,W3,R2
1119,122,adj_Monitor14_ch9,16.6,W422X,F,W3,R2
1120,123,adj_Monitor15_ch1,9.4,W422X,M,W3,R2
1121,124,adj_Monitor15_ch10,10,W422X,M,W3,R2
1122,125,adj_Monitor15_ch11,8.4,W422X,M,W3,R2
1123,126,adj_Monitor15_ch12,12.4,W422X,M,W3,R2
1124,127,adj_Monitor15_ch13,12,W422X,M,W3,R2
1125,128,adj_Monitor15_ch14,9.4,W422X,M,W3,R2
1126,129,adj_Monitor15_ch15,10.6,W422X,M,W3,R2
1127,130,adj_Monitor15_ch16,8.8,W422X,M,W3,R2
1128,131,adj_Monitor15_ch17,10.6,W422X,M,W3,R2
1129,132,adj_Monitor15_ch18,13.2,W422X,M,W3,R2
1130,133,adj_Monitor15_ch19,11.2,W422X,M,W3,R2
1131,134,adj_Monitor15_ch2,7.2,W422X,M,W3,R2
1132,135,adj_Monitor15_ch20,9.6,W422X,M,W3,R2
1133,136,adj_Monitor15_ch21,13,W422X,M,W3,R2
1134,137,adj_Monitor15_ch24,11.4,W422X,M,W3,R2
1135,138,adj_Monitor15_ch25,4.8,W422X,M,W3,R2
1136,139,adj_Monitor15_ch26,9.4,W422X,M,W3,R2
1137,140,adj_Monitor15_ch28,9,W422X,M,W3,R2
1138,141,adj_Monitor15_ch29,7,W422X,M,W3,R2
1139,142,adj_Monitor15_ch3,5.4,W422X,M,W3,R2
1140,143,adj_Monitor15_ch30,6.6,W422X,M,W3,R2
1141,144,adj_Monitor15_ch31,8.4,W422X,M,W3,R2
1142,145,adj_Monitor15_ch32,9.8,W422X,M,W3,R2
1143,146,adj_Monitor15_ch4,6,W422X,M,W3,R2
1144,147,adj_Monitor15_ch5,8.8,W422X,M,W3,R2
1145,148,adj_Monitor15_ch6,9.8,W422X,M,W3,R2
1146,149,adj_Monitor15_ch7,10,W422X,M,W3,R2
1147,150,adj_Monitor15_ch8,6.6,W422X,M,W3,R2
1148,151,adj_Monitor15_ch9,5.4,W422X,M,W3,R2
1149,152,adj_Monitor16_ch1,9.6,KO,M,W3,R2
1150,153,adj_Monitor16_ch10,8,KO,M,W3,R2
1151,154,adj_Monitor16_ch11,14.4,KO,M,W3,R2
1152,155,adj_Monitor16_ch12,11.4,KO,M,W3,R2
1153,156,adj_Monitor16_ch14,12.2,KO,M,W3,R2
1154,157,adj_Monitor16_ch15,11.6,KO,M,W3,R2
1155,158,adj_Monitor16_ch16,9.6,KO,M,W3,R2
1156,159,adj_Monitor16_ch17,10,KO,M,W3,R2
1157,160,adj_Monitor16_ch18,12.4,KO,M,W3,R2
1158,161,adj_Monitor16_ch2,11.6,KO,M,W3,R2
1159,162,adj_Monitor16_ch20,6.6,KO,M,W3,R2
1160,163,adj_Monitor16_ch21,8.2,KO,M,W3,R2
1161,164,adj_Monitor16_ch22,9,KO,M,W3,R2
1162,165,adj_Monitor16_ch23,14.4,KO,M,W3,R2
1163,166,adj_Monitor16_ch24,12,KO,M,W3,R2
1164,167,adj_Monitor16_ch25,14.6,KO,M,W3,R2
1165,168,adj_Monitor16_ch26,13.4,KO,M,W3,R2
1166,169,adj_Monitor16_ch27,9.4,KO,M,W3,R2
1167,170,adj_Monitor16_ch28,12,KO,M,W3,R2
1168,171,adj_Monitor16_ch29,13,KO,M,W3,R2
1169,172,adj_Monitor16_ch3,15,KO,M,W3,R2
1170,173,adj_Monitor16_ch30,11,KO,M,W3,R2
1171,174,adj_Monitor16_ch31,11,KO,M,W3,R2
1172,175,adj_Monitor16_ch32,10.6,KO,M,W3,R2
1173,176,adj_Monitor16_ch4,7.2,KO,M,W3,R2
1174,177,adj_Monitor16_ch5,12.6,KO,M,W3,R2
1175,178,adj_Monitor16_ch6,14,KO,M,W3,R2
1176,179,adj_Monitor16_ch7,12,KO,M,W3,R2
1177,180,adj_Monitor16_ch8,5.6,KO,M,W3,R2
1178,181,adj_Monitor18_ch1,9.6,WG2,M,W3,R3
1179,182,adj_Monitor18_ch10,4.6,WG2,M,W3,R3
1180,183,adj_Monitor18_ch11,6.2,WG2,M,W3,R3
1181,184,adj_Monitor18_ch12,5,WG2,M,W3,R3
1182,185,adj_Monitor18_ch13,11.2,WG2,M,W3,R3
1183,186,adj_Monitor18_ch14,8.8,WG2,M,W3,R3
1184,187,adj_Monitor18_ch16,13,WG2,M,W3,R3
1185,188,adj_Monitor18_ch17,4.6,WG2,M,W3,R3
1186,189,adj_Monitor18_ch2,12.2,WG2,M,W3,R3
1187,190,adj_Monitor18_ch20,2.6,WG2,M,W3,R3
1188,191,adj_Monitor18_ch21,8.4,WG2,M,W3,R3
1189,192,adj_Monitor18_ch22,6.6,WG2,M,W3,R3
1190,193,adj_Monitor18_ch23,8.8,WG2,M,W3,R3
1191,194,adj_Monitor18_ch24,9.2,WG2,M,W3,R3
1192,195,adj_Monitor18_ch25,2.6,WG2,M,W3,R3
1193,196,adj_Monitor18_ch26,6,WG2,M,W3,R3
1194,197,adj_Monitor18_ch27,6,WG2,M,W3,R3
1195,198,adj_Monitor18_ch28,5.6,WG2,M,W3,R3
1196,199,adj_Monitor18_ch30,4.2,WG2,M,W3,R3
1197,200,adj_Monitor18_ch31,4.8,WG2,M,W3,R3
1198,201,adj_Monitor18_ch32,7.8,WG2,M,W3,R3
1199,202,adj_Monitor18_ch4,10,WG2,M,W3,R3
1200,203,adj_Monitor18_ch5,10.6,WG2,M,W3,R3
1201,204,adj_Monitor18_ch7,7.4,WG2,M,W3,R3
1202,205,adj_Monitor18_ch8,5.2,WG2,M,W3,R3
1203,206,adj_Monitor18_ch9,9.4,WG2,M,W3,R3
1204,207,adj_Monitor19_ch1,5.2,Y160C,F,W3,R4
1205,208,adj_Monitor19_ch10,9.2,Y160C,F,W3,R4
1206,209,adj_Monitor19_ch11,13.8,Y160C,F,W3,R4
1207,210,adj_Monitor19_ch12,12.6,Y160C,F,W3,R4
1208,211,adj_Monitor19_ch13,19.4,Y160C,F,W3,R4
1209,212,adj_Monitor19_ch14,7.2,Y160C,F,W3,R4
1210,213,adj_Monitor19_ch15,3.8,Y160C,F,W3,R4
1211,214,adj_Monitor19_ch16,9.8,Y160C,F,W3,R4
1212,215,adj_Monitor19_ch17,7.4,Y160C,F,W3,R4
1213,216,adj_Monitor19_ch18,3.6,Y160C,F,W3,R4
1214,217,adj_Monitor19_ch19,11.2,Y160C,F,W3,R4
1215,218,adj_Monitor19_ch2,10.8,Y160C,F,W3,R4
1216,219,adj_Monitor19_ch20,6.4,Y160C,F,W3,R4
1217,220,adj_Monitor19_ch21,18,Y160C,F,W3,R4
1218,221,adj_Monitor19_ch22,7.6,Y160C,F,W3,R4
1219,222,adj_Monitor19_ch23,7,Y160C,F,W3,R4
1220,223,adj_Monitor19_ch24,9.6,Y160C,F,W3,R4
1221,224,adj_Monitor19_ch25,11.6,Y160C,F,W3,R4
1222,225,adj_Monitor19_ch26,8.4,Y160C,F,W3,R4
1223,226,adj_Monitor19_ch27,16.4,Y160C,F,W3,R4
1224,227,adj_Monitor19_ch28,13.2,Y160C,F,W3,R4
1225,228,adj_Monitor19_ch29,6.8,Y160C,F,W3,R4
1226,229,adj_Monitor19_ch3,6,Y160C,F,W3,R4
1227,230,adj_Monitor19_ch30,9,Y160C,F,W3,R4
1228,231,adj_Monitor19_ch31,5,Y160C,F,W3,R4
1229,232,adj_Monitor19_ch32,9.6,Y160C,F,W3,R4
1230,233,adj_Monitor19_ch4,11.2,Y160C,F,W3,R4
1231,234,adj_Monitor19_ch5,8.4,Y160C,F,W3,R4
1232,235,adj_Monitor19_ch6,5.2,Y160C,F,W3,R4
1233,236,adj_Monitor19_ch7,6.6,Y160C,F,W3,R4
1234,237,adj_Monitor19_ch9,10.6,Y160C,F,W3,R4
1235,238,adj_Monitor1_ch1,7.6,W422X,M,W3,R1
1236,239,adj_Monitor1_ch10,5,W422X,M,W3,R1
1237,240,adj_Monitor1_ch11,8,W422X,M,W3,R1
1238,241,adj_Monitor1_ch12,19.6,W422X,M,W3,R1
1239,242,adj_Monitor1_ch13,6.2,W422X,M,W3,R1
1240,243,adj_Monitor1_ch14,9,W422X,M,W3,R1
1241,244,adj_Monitor1_ch15,10.4,W422X,M,W3,R1
1242,245,adj_Monitor1_ch16,14.6,W422X,M,W3,R1
1243,246,adj_Monitor1_ch17,5.4,W422X,M,W3,R1
1244,247,adj_Monitor1_ch18,14.4,W422X,M,W3,R1
1245,248,adj_Monitor1_ch19,8.8,W422X,M,W3,R1
1246,249,adj_Monitor1_ch2,5,W422X,M,W3,R1
1247,250,adj_Monitor1_ch20,9,W422X,M,W3,R1
1248,251,adj_Monitor1_ch21,9.4,W422X,M,W3,R1
1249,252,adj_Monitor1_ch22,3,W422X,M,W3,R1
1250,253,adj_Monitor1_ch23,13.4,W422X,M,W3,R1
1251,254,adj_Monitor1_ch24,7.2,W422X,M,W3,R1
1252,255,adj_Monitor1_ch25,11,W422X,M,W3,R1
1253,256,adj_Monitor1_ch27,7.8,W422X,M,W3,R1
1254,257,adj_Monitor1_ch28,9,W422X,M,W3,R1
1255,258,adj_Monitor1_ch29,5,W422X,M,W3,R1
1256,259,adj_Monitor1_ch3,9.6,W422X,M,W3,R1
1257,260,adj_Monitor1_ch30,8.6,W422X,M,W3,R1
1258,261,adj_Monitor1_ch31,8.8,W422X,M,W3,R1
1259,262,adj_Monitor1_ch32,9.2,W422X,M,W3,R1
1260,263,adj_Monitor1_ch4,5.8,W422X,M,W3,R1
1261,264,adj_Monitor1_ch5,5.6,W422X,M,W3,R1
1262,265,adj_Monitor1_ch6,8.6,W422X,M,W3,R1
1263,266,adj_Monitor1_ch7,6.8,W422X,M,W3,R1
1264,267,adj_Monitor1_ch8,9.4,W422X,M,W3,R1
1265,268,adj_Monitor1_ch9,7.2,W422X,M,W3,R1
1266,269,adj_Monitor20_ch1,5,Y160C,F,W3,R3
1267,270,adj_Monitor20_ch10,8.8,Y160C,F,W3,R3
1268,271,adj_Monitor20_ch11,11,Y160C,F,W3,R3
1269,272,adj_Monitor20_ch13,10.8,Y160C,F,W3,R3
1270,273,adj_Monitor20_ch14,15.8,Y160C,F,W3,R3
1271,274,adj_Monitor20_ch15,12,Y160C,F,W3,R3
1272,275,adj_Monitor20_ch16,11.6,Y160C,F,W3,R3
1273,276,adj_Monitor20_ch17,15.6,Y160C,F,W3,R3
1274,277,adj_Monitor20_ch18,9.6,Y160C,F,W3,R3
1275,278,adj_Monitor20_ch19,13,Y160C,F,W3,R3
1276,279,adj_Monitor20_ch2,11,Y160C,F,W3,R3
1277,280,adj_Monitor20_ch21,3.8,Y160C,F,W3,R3
1278,281,adj_Monitor20_ch22,4,Y160C,F,W3,R3
1279,282,adj_Monitor20_ch23,12.4,Y160C,F,W3,R3
1280,283,adj_Monitor20_ch24,10.2,Y160C,F,W3,R3
1281,284,adj_Monitor20_ch26,8.4,Y160C,F,W3,R3
1282,285,adj_Monitor20_ch27,3,Y160C,F,W3,R3
1283,286,adj_Monitor20_ch28,6.6,Y160C,F,W3,R3
1284,287,adj_Monitor20_ch29,5.4,Y160C,F,W3,R3
1285,288,adj_Monitor20_ch3,15,Y160C,F,W3,R3
1286,289,adj_Monitor20_ch31,7,Y160C,F,W3,R3
1287,290,adj_Monitor20_ch32,13.8,Y160C,F,W3,R3
1288,291,adj_Monitor20_ch4,11.6,Y160C,F,W3,R3
1289,292,adj_Monitor20_ch5,12.6,Y160C,F,W3,R3
1290,293,adj_Monitor20_ch7,7.6,Y160C,F,W3,R3
1291,294,adj_Monitor20_ch8,8.4,Y160C,F,W3,R3
1292,295,adj_Monitor20_ch9,12,Y160C,F,W3,R3
1293,296,adj_Monitor21_ch1,17.4,KO,F,W3,R1
1294,297,adj_Monitor21_ch10,17.2,KO,F,W3,R1
1295,298,adj_Monitor21_ch11,16,KO,F,W3,R1
1296,299,adj_Monitor21_ch14,10.4,KO,F,W3,R1
1297,300,adj_Monitor21_ch15,14.2,KO,F,W3,R1
1298,301,adj_Monitor21_ch16,12.4,KO,F,W3,R1
1299,302,adj_Monitor21_ch17,7.4,KO,F,W3,R1
1300,303,adj_Monitor21_ch18,11.6,KO,F,W3,R1
1301,304,adj_Monitor21_ch19,14,KO,F,W3,R1
1302,305,adj_Monitor21_ch2,12.6,KO,F,W3,R1
1303,306,adj_Monitor21_ch20,9.4,KO,F,W3,R1
1304,307,adj_Monitor21_ch21,15.4,KO,F,W3,R1
1305,308,adj_Monitor21_ch22,17.6,KO,F,W3,R1
1306,309,adj_Monitor21_ch23,13.2,KO,F,W3,R1
1307,310,adj_Monitor21_ch24,16,KO,F,W3,R1
1308,311,adj_Monitor21_ch25,13.6,KO,F,W3,R1
1309,312,adj_Monitor21_ch26,6.4,KO,F,W3,R1
1310,313,adj_Monitor21_ch27,18,KO,F,W3,R1
1311,314,adj_Monitor21_ch28,2.2,KO,F,W3,R1
1312,315,adj_Monitor21_ch29,7.4,KO,F,W3,R1
1313,316,adj_Monitor21_ch3,15.2,KO,F,W3,R1
1314,317,adj_Monitor21_ch30,5.8,KO,F,W3,R1
1315,318,adj_Monitor21_ch31,15.2,KO,F,W3,R1
1316,319,adj_Monitor21_ch32,10.6,KO,F,W3,R1
1317,320,adj_Monitor21_ch4,10.8,KO,F,W3,R1
1318,321,adj_Monitor21_ch5,16,KO,F,W3,R1
1319,322,adj_Monitor21_ch6,14.2,KO,F,W3,R1
1320,323,adj_Monitor21_ch7,10.2,KO,F,W3,R1
1321,324,adj_Monitor21_ch8,11,KO,F,W3,R1
1322,325,adj_Monitor21_ch9,13,KO,F,W3,R1
1323,326,adj_Monitor22_ch1,10.6,Y160C,M,W3,R3
1324,327,adj_Monitor22_ch10,11,Y160C,M,W3,R3
1325,328,adj_Monitor22_ch11,10.2,Y160C,M,W3,R3
1326,329,adj_Monitor22_ch14,7.8,Y160C,M,W3,R3
1327,330,adj_Monitor22_ch15,9.8,Y160C,M,W3,R3
1328,331,adj_Monitor22_ch16,6,Y160C,M,W3,R3
1329,332,adj_Monitor22_ch17,5.8,Y160C,M,W3,R3
1330,333,adj_Monitor22_ch18,7.6,Y160C,M,W3,R3
1331,334,adj_Monitor22_ch19,12.4,Y160C,M,W3,R3
1332,335,adj_Monitor22_ch2,11.4,Y160C,M,W3,R3
1333,336,adj_Monitor22_ch20,6,Y160C,M,W3,R3
1334,337,adj_Monitor22_ch21,4.6,Y160C,M,W3,R3
1335,338,adj_Monitor22_ch22,10.4,Y160C,M,W3,R3
1336,339,adj_Monitor22_ch23,9.8,Y160C,M,W3,R3
1337,340,adj_Monitor22_ch24,9.4,Y160C,M,W3,R3
1338,341,adj_Monitor22_ch26,3.6,Y160C,M,W3,R3
1339,342,adj_Monitor22_ch27,6.2,Y160C,M,W3,R3
1340,343,adj_Monitor22_ch28,6.8,Y160C,M,W3,R3
1341,344,adj_Monitor22_ch3,12.2,Y160C,M,W3,R3
1342,345,adj_Monitor22_ch30,7,Y160C,M,W3,R3
1343,346,adj_Monitor22_ch31,5,Y160C,M,W3,R3
1344,347,adj_Monitor22_ch32,7.4,Y160C,M,W3,R3
1345,348,adj_Monitor22_ch4,8.2,Y160C,M,W3,R3
1346,349,adj_Monitor22_ch5,6.6,Y160C,M,W3,R3
1347,350,adj_Monitor22_ch6,6.8,Y160C,M,W3,R3
1348,351,adj_Monitor22_ch7,10.2,Y160C,M,W3,R3
1349,352,adj_Monitor22_ch8,11,Y160C,M,W3,R3
1350,353,adj_Monitor22_ch9,6.4,Y160C,M,W3,R3
1351,354,adj_Monitor24_ch1,16.4,Y160C,M,W3,R2
1352,355,adj_Monitor24_ch10,10.4,Y160C,M,W3,R2
1353,356,adj_Monitor24_ch11,7.8,Y160C,M,W3,R2
1354,357,adj_Monitor24_ch12,9.6,Y160C,M,W3,R2
1355,358,adj_Monitor24_ch13,7.8,Y160C,M,W3,R2
1356,359,adj_Monitor24_ch14,11.8,Y160C,M,W3,R2
1357,360,adj_Monitor24_ch15,13,Y160C,M,W3,R2
1358,361,adj_Monitor24_ch16,6,Y160C,M,W3,R2
1359,362,adj_Monitor24_ch17,11.8,Y160C,M,W3,R2
1360,363,adj_Monitor24_ch19,8.8,Y160C,M,W3,R2
1361,364,adj_Monitor24_ch2,7,Y160C,M,W3,R2
1362,365,adj_Monitor24_ch20,9.6,Y160C,M,W3,R2
1363,366,adj_Monitor24_ch21,10.8,Y160C,M,W3,R2
1364,367,adj_Monitor24_ch22,9.6,Y160C,M,W3,R2
1365,368,adj_Monitor24_ch23,11.2,Y160C,M,W3,R2
1366,369,adj_Monitor24_ch24,14.8,Y160C,M,W3,R2
1367,370,adj_Monitor24_ch25,14.6,Y160C,M,W3,R2
1368,371,adj_Monitor24_ch26,4.6,Y160C,M,W3,R2
1369,372,adj_Monitor24_ch27,9.8,Y160C,M,W3,R2
1370,373,adj_Monitor24_ch28,10.2,Y160C,M,W3,R2
1371,374,adj_Monitor24_ch29,8.4,Y160C,M,W3,R2
1372,375,adj_Monitor24_ch3,12.6,Y160C,M,W3,R2
1373,376,adj_Monitor24_ch30,4.2,Y160C,M,W3,R2
1374,377,adj_Monitor24_ch31,6.4,Y160C,M,W3,R2
1375,378,adj_Monitor24_ch32,4.8,Y160C,M,W3,R2
1376,379,adj_Monitor24_ch4,6.6,Y160C,M,W3,R2
1377,380,adj_Monitor24_ch5,10.2,Y160C,M,W3,R2
1378,381,adj_Monitor24_ch6,9.6,Y160C,M,W3,R2
1379,382,adj_Monitor24_ch7,12.6,Y160C,M,W3,R2
1380,383,adj_Monitor24_ch8,4.6,Y160C,M,W3,R2
1381,384,adj_Monitor24_ch9,13.8,Y160C,M,W3,R2
1382,385,adj_Monitor26_ch1,8.8,WG2,M,W3,R2
1383,386,adj_Monitor26_ch10,7.6,WG2,M,W3,R2
1384,387,adj_Monitor26_ch11,9.4,WG2,M,W3,R2
1385,388,adj_Monitor26_ch12,9.4,WG2,M,W3,R2
1386,389,adj_Monitor26_ch14,7.4,WG2,M,W3,R2
1387,390,adj_Monitor26_ch15,7.4,WG2,M,W3,R2
1388,391,adj_Monitor26_ch16,8.6,WG2,M,W3,R2
1389,392,adj_Monitor26_ch17,14.6,WG2,M,W3,R2
1390,393,adj_Monitor26_ch19,8.2,WG2,M,W3,R2
1391,394,adj_Monitor26_ch2,11.2,WG2,M,W3,R2
1392,395,adj_Monitor26_ch20,12.4,WG2,M,W3,R2
1393,396,adj_Monitor26_ch21,8.8,WG2,M,W3,R2
1394,397,adj_Monitor26_ch22,13,WG2,M,W3,R2
1395,398,adj_Monitor26_ch23,6.4,WG2,M,W3,R2
1396,399,adj_Monitor26_ch24,6.4,WG2,M,W3,R2
1397,400,adj_Monitor26_ch25,11.2,WG2,M,W3,R2
1398,401,adj_Monitor26_ch26,9,WG2,M,W3,R2
1399,402,adj_Monitor26_ch27,6.8,WG2,M,W3,R2
1400,403,adj_Monitor26_ch28,4.6,WG2,M,W3,R2
1401,404,adj_Monitor26_ch29,5.8,WG2,M,W3,R2
1402,405,adj_Monitor26_ch3,6.2,WG2,M,W3,R2
1403,406,adj_Monitor26_ch30,12,WG2,M,W3,R2
1404,407,adj_Monitor26_ch31,4.8,WG2,M,W3,R2
1405,408,adj_Monitor26_ch32,3,WG2,M,W3,R2
1406,409,adj_Monitor26_ch4,4.4,WG2,M,W3,R2
1407,410,adj_Monitor26_ch5,5.2,WG2,M,W3,R2
1408,411,adj_Monitor26_ch6,11.2,WG2,M,W3,R2
1409,412,adj_Monitor26_ch7,5.2,WG2,M,W3,R2
1410,413,adj_Monitor26_ch8,7.2,WG2,M,W3,R2
1411,414,adj_Monitor26_ch9,12,WG2,M,W3,R2
1412,415,adj_Monitor27_ch1,8.4,WG2,M,W3,R1
1413,416,adj_Monitor27_ch11,12.2,WG2,M,W3,R1
1414,417,adj_Monitor27_ch12,4.6,WG2,M,W3,R1
1415,418,adj_Monitor27_ch13,7.6,WG2,M,W3,R1
1416,419,adj_Monitor27_ch14,10.8,WG2,M,W3,R1
1417,420,adj_Monitor27_ch15,6.2,WG2,M,W3,R1
1418,421,adj_Monitor27_ch16,5.4,WG2,M,W3,R1
1419,422,adj_Monitor27_ch17,13.8,WG2,M,W3,R1
1420,423,adj_Monitor27_ch18,10,WG2,M,W3,R1
1421,424,adj_Monitor27_ch19,6.6,WG2,M,W3,R1
1422,425,adj_Monitor27_ch20,10.2,WG2,M,W3,R1
1423,426,adj_Monitor27_ch21,7.8,WG2,M,W3,R1
1424,427,adj_Monitor27_ch22,8.2,WG2,M,W3,R1
1425,428,adj_Monitor27_ch24,8.6,WG2,M,W3,R1
1426,429,adj_Monitor27_ch25,8.6,WG2,M,W3,R1
1427,430,adj_Monitor27_ch26,8,WG2,M,W3,R1
1428,431,adj_Monitor27_ch27,8.8,WG2,M,W3,R1
1429,432,adj_Monitor27_ch28,8,WG2,M,W3,R1
1430,433,adj_Monitor27_ch29,7,WG2,M,W3,R1
1431,434,adj_Monitor27_ch3,11.4,WG2,M,W3,R1
1432,435,adj_Monitor27_ch30,4.6,WG2,M,W3,R1
1433,436,adj_Monitor27_ch31,7.8,WG2,M,W3,R1
1434,437,adj_Monitor27_ch32,8.8,WG2,M,W3,R1
1435,438,adj_Monitor27_ch4,10.6,WG2,M,W3,R1
1436,439,adj_Monitor27_ch5,7,WG2,M,W3,R1
1437,440,adj_Monitor27_ch6,7.8,WG2,M,W3,R1
1438,441,adj_Monitor27_ch7,4.4,WG2,M,W3,R1
1439,442,adj_Monitor27_ch8,12.6,WG2,M,W3,R1
1440,443,adj_Monitor28_ch1,6,WG2,F,W3,R2
1441,444,adj_Monitor28_ch10,18.2,WG2,F,W3,R2
1442,445,adj_Monitor28_ch11,11,WG2,F,W3,R2
1443,446,adj_Monitor28_ch12,4.8,WG2,F,W3,R2
1444,447,adj_Monitor28_ch13,8.4,WG2,F,W3,R2
1445,448,adj_Monitor28_ch14,16.8,WG2,F,W3,R2
1446,449,adj_Monitor28_ch15,10.4,WG2,F,W3,R2
1447,450,adj_Monitor28_ch16,16.6,WG2,F,W3,R2
1448,451,adj_Monitor28_ch17,11.6,WG2,F,W3,R2
1449,452,adj_Monitor28_ch18,13.4,WG2,F,W3,R2
1450,453,adj_Monitor28_ch19,14.6,WG2,F,W3,R2
1451,454,adj_Monitor28_ch2,8.4,WG2,F,W3,R2
1452,455,adj_Monitor28_ch21,14,WG2,F,W3,R2
1453,456,adj_Monitor28_ch22,19.6,WG2,F,W3,R2
1454,457,adj_Monitor28_ch23,6.6,WG2,F,W3,R2
1455,458,adj_Monitor28_ch24,7.4,WG2,F,W3,R2
1456,459,adj_Monitor28_ch25,8.2,WG2,F,W3,R2
1457,460,adj_Monitor28_ch29,10.8,WG2,F,W3,R2
1458,461,adj_Monitor28_ch3,9.6,WG2,F,W3,R2
1459,462,adj_Monitor28_ch30,15.6,WG2,F,W3,R2
1460,463,adj_Monitor28_ch31,10,WG2,F,W3,R2
1461,464,adj_Monitor28_ch32,12.8,WG2,F,W3,R2
1462,465,adj_Monitor28_ch4,18,WG2,F,W3,R2
1463,466,adj_Monitor28_ch5,11.6,WG2,F,W3,R2
1464,467,adj_Monitor28_ch6,12.8,WG2,F,W3,R2
1465,468,adj_Monitor28_ch7,5.6,WG2,F,W3,R2
1466,469,adj_Monitor28_ch8,9.8,WG2,F,W3,R2
1467,470,adj_Monitor28_ch9,17.6,WG2,F,W3,R2
1468,471,adj_Monitor29_ch1,15.8,WG2,F,W3,R3
1469,472,adj_Monitor29_ch10,13.6,WG2,F,W3,R3
1470,473,adj_Monitor29_ch11,1.4,WG2,F,W3,R3
1471,474,adj_Monitor29_ch12,13.4,WG2,F,W3,R3
1472,475,adj_Monitor29_ch13,14.6,WG2,F,W3,R3
1473,476,adj_Monitor29_ch14,3.8,WG2,F,W3,R3
1474,477,adj_Monitor29_ch15,13.4,WG2,F,W3,R3
1475,478,adj_Monitor29_ch16,15.4,WG2,F,W3,R3
1476,479,adj_Monitor29_ch17,5.8,WG2,F,W3,R3
1477,480,adj_Monitor29_ch18,18.8,WG2,F,W3,R3
1478,481,adj_Monitor29_ch19,7.2,WG2,F,W3,R3
1479,482,adj_Monitor29_ch2,7.8,WG2,F,W3,R3
1480,483,adj_Monitor29_ch20,3.6,WG2,F,W3,R3
1481,484,adj_Monitor29_ch21,2.2,WG2,F,W3,R3
1482,485,adj_Monitor29_ch22,8,WG2,F,W3,R3
1483,486,adj_Monitor29_ch23,15.2,WG2,F,W3,R3
1484,487,adj_Monitor29_ch24,7.2,WG2,F,W3,R3
1485,488,adj_Monitor29_ch25,9,WG2,F,W3,R3
1486,489,adj_Monitor29_ch26,11.2,WG2,F,W3,R3
1487,490,adj_Monitor29_ch27,13.2,WG2,F,W3,R3
1488,491,adj_Monitor29_ch28,3.2,WG2,F,W3,R3
1489,492,adj_Monitor29_ch29,7.2,WG2,F,W3,R3
1490,493,adj_Monitor29_ch3,10.4,WG2,F,W3,R3
1491,494,adj_Monitor29_ch30,10.6,WG2,F,W3,R3
1492,495,adj_Monitor29_ch31,16.2,WG2,F,W3,R3
1493,496,adj_Monitor29_ch32,4.8,WG2,F,W3,R3
1494,497,adj_Monitor29_ch4,10,WG2,F,W3,R3
1495,498,adj_Monitor29_ch5,7.2,WG2,F,W3,R3
1496,499,adj_Monitor29_ch6,10.8,WG2,F,W3,R3
1497,500,adj_Monitor29_ch7,9.2,WG2,F,W3,R3
1498,501,adj_Monitor29_ch8,12.4,WG2,F,W3,R3
1499,502,adj_Monitor29_ch9,11,WG2,F,W3,R3
1500,503,adj_Monitor2_ch1,14.8,W422X,M,W3,R3
1501,504,adj_Monitor2_ch10,6.4,W422X,M,W3,R3
1502,505,adj_Monitor2_ch11,8.4,W422X,M,W3,R3
1503,506,adj_Monitor2_ch12,9.2,W422X,M,W3,R3
1504,507,adj_Monitor2_ch13,6,W422X,M,W3,R3
1505,508,adj_Monitor2_ch14,9,W422X,M,W3,R3
1506,509,adj_Monitor2_ch15,10.8,W422X,M,W3,R3
1507,510,adj_Monitor2_ch16,5.2,W422X,M,W3,R3
1508,511,adj_Monitor2_ch17,10,W422X,M,W3,R3
1509,512,adj_Monitor2_ch18,6.4,W422X,M,W3,R3
1510,513,adj_Monitor2_ch19,14.4,W422X,M,W3,R3
1511,514,adj_Monitor2_ch2,9,W422X,M,W3,R3
1512,515,adj_Monitor2_ch20,7.4,W422X,M,W3,R3
1513,516,adj_Monitor2_ch21,7,W422X,M,W3,R3
1514,517,adj_Monitor2_ch22,10.2,W422X,M,W3,R3
1515,518,adj_Monitor2_ch23,8.2,W422X,M,W3,R3
1516,519,adj_Monitor2_ch24,7,W422X,M,W3,R3
1517,520,adj_Monitor2_ch25,6.4,W422X,M,W3,R3
1518,521,adj_Monitor2_ch26,9.6,W422X,M,W3,R3
1519,522,adj_Monitor2_ch27,9.8,W422X,M,W3,R3
1520,523,adj_Monitor2_ch28,8.4,W422X,M,W3,R3
1521,524,adj_Monitor2_ch29,10,W422X,M,W3,R3
1522,525,adj_Monitor2_ch3,6.4,W422X,M,W3,R3
1523,526,adj_Monitor2_ch30,7.8,W422X,M,W3,R3
1524,527,adj_Monitor2_ch31,8.4,W422X,M,W3,R3
1525,528,adj_Monitor2_ch4,7.2,W422X,M,W3,R3
1526,529,adj_Monitor2_ch5,4.8,W422X,M,W3,R3
1527,530,adj_Monitor2_ch6,9.8,W422X,M,W3,R3
1528,531,adj_Monitor2_ch7,6.2,W422X,M,W3,R3
1529,532,adj_Monitor2_ch8,4.8,W422X,M,W3,R3
1530,533,adj_Monitor2_ch9,8.8,W422X,M,W3,R3
1531,534,adj_Monitor30_ch1,9.2,KO,F,W3,R2
1532,535,adj_Monitor30_ch10,7,KO,F,W3,R2
1533,536,adj_Monitor30_ch11,12.2,KO,F,W3,R2
1534,537,adj_Monitor30_ch12,8,KO,F,W3,R2
1535,538,adj_Monitor30_ch13,7.6,KO,F,W3,R2
1536,539,adj_Monitor30_ch14,15.6,KO,F,W3,R2
1537,540,adj_Monitor30_ch15,16.8,KO,F,W3,R2
1538,541,adj_Monitor30_ch16,12.2,KO,F,W3,R2
1539,542,adj_Monitor30_ch17,14.4,KO,F,W3,R2
1540,543,adj_Monitor30_ch18,9.6,KO,F,W3,R2
1541,544,adj_Monitor30_ch19,16.8,KO,F,W3,R2
1542,545,adj_Monitor30_ch2,15,KO,F,W3,R2
1543,546,adj_Monitor30_ch20,11.2,KO,F,W3,R2
1544,547,adj_Monitor30_ch21,9.6,KO,F,W3,R2
1545,548,adj_Monitor30_ch22,10.4,KO,F,W3,R2
1546,549,adj_Monitor30_ch23,14.2,KO,F,W3,R2
1547,550,adj_Monitor30_ch24,15.6,KO,F,W3,R2
1548,551,adj_Monitor30_ch25,11.6,KO,F,W3,R2
1549,552,adj_Monitor30_ch26,11.6,KO,F,W3,R2
1550,553,adj_Monitor30_ch27,9.4,KO,F,W3,R2
1551,554,adj_Monitor30_ch28,10.4,KO,F,W3,R2
1552,555,adj_Monitor30_ch29,9,KO,F,W3,R2
1553,556,adj_Monitor30_ch3,14.6,KO,F,W3,R2
1554,557,adj_Monitor30_ch30,12.2,KO,F,W3,R2
1555,558,adj_Monitor30_ch31,15.6,KO,F,W3,R2
1556,559,adj_Monitor30_ch32,10.2,KO,F,W3,R2
1557,560,adj_Monitor30_ch4,9.2,KO,F,W3,R2
1558,561,adj_Monitor30_ch5,16.4,KO,F,W3,R2
1559,562,adj_Monitor30_ch6,19.6,KO,F,W3,R2
1560,563,adj_Monitor30_ch7,8.8,KO,F,W3,R2
1561,564,adj_Monitor30_ch8,12.2,KO,F,W3,R2
1562,565,adj_Monitor30_ch9,8.6,KO,F,W3,R2
1563,566,adj_Monitor31_ch1,5.2,W422X,M,W3,R4
1564,567,adj_Monitor31_ch10,6.4,W422X,M,W3,R4
1565,568,adj_Monitor31_ch11,8.8,W422X,M,W3,R4
1566,569,adj_Monitor31_ch12,4.6,W422X,M,W3,R4
1567,570,adj_Monitor31_ch13,8,W422X,M,W3,R4
1568,571,adj_Monitor31_ch14,9.8,W422X,M,W3,R4
1569,572,adj_Monitor31_ch15,8,W422X,M,W3,R4
1570,573,adj_Monitor31_ch16,10.8,W422X,M,W3,R4
1571,574,adj_Monitor31_ch17,11.4,W422X,M,W3,R4
1572,575,adj_Monitor31_ch18,6.8,W422X,M,W3,R4
1573,576,adj_Monitor31_ch19,6.8,W422X,M,W3,R4
1574,577,adj_Monitor31_ch20,10.2,W422X,M,W3,R4
1575,578,adj_Monitor31_ch21,7.6,W422X,M,W3,R4
1576,579,adj_Monitor31_ch22,7.8,W422X,M,W3,R4
1577,580,adj_Monitor31_ch23,10.4,W422X,M,W3,R4
1578,581,adj_Monitor31_ch24,9.8,W422X,M,W3,R4
1579,582,adj_Monitor31_ch25,10.4,W422X,M,W3,R4
1580,583,adj_Monitor31_ch27,8.2,W422X,M,W3,R4
1581,584,adj_Monitor31_ch28,11.6,W422X,M,W3,R4
1582,585,adj_Monitor31_ch29,18.2,W422X,M,W3,R4
1583,586,adj_Monitor31_ch3,14.6,W422X,M,W3,R4
1584,587,adj_Monitor31_ch30,7,W422X,M,W3,R4
1585,588,adj_Monitor31_ch31,9.4,W422X,M,W3,R4
1586,589,adj_Monitor31_ch4,8.2,W422X,M,W3,R4
1587,590,adj_Monitor31_ch5,5.4,W422X,M,W3,R4
1588,591,adj_Monitor31_ch6,8.4,W422X,M,W3,R4
1589,592,adj_Monitor31_ch7,7.2,W422X,M,W3,R4
1590,593,adj_Monitor31_ch8,7.6,W422X,M,W3,R4
1591,594,adj_Monitor31_ch9,5.6,W422X,M,W3,R4
1592,595,adj_Monitor32_ch1,11,KO,M,W3,R4
1593,596,adj_Monitor32_ch10,7.8,KO,M,W3,R4
1594,597,adj_Monitor32_ch11,8.8,KO,M,W3,R4
1595,598,adj_Monitor32_ch12,12.2,KO,M,W3,R4
1596,599,adj_Monitor32_ch13,13,KO,M,W3,R4
1597,600,adj_Monitor32_ch14,17,KO,M,W3,R4
1598,601,adj_Monitor32_ch15,7,KO,M,W3,R4
1599,602,adj_Monitor32_ch16,12.4,KO,M,W3,R4
1600,603,adj_Monitor32_ch17,9.2,KO,M,W3,R4
1601,604,adj_Monitor32_ch18,13.2,KO,M,W3,R4
1602,605,adj_Monitor32_ch19,13.6,KO,M,W3,R4
1603,606,adj_Monitor32_ch2,12.6,KO,M,W3,R4
1604,607,adj_Monitor32_ch20,9,KO,M,W3,R4
1605,608,adj_Monitor32_ch21,13.2,KO,M,W3,R4
1606,609,adj_Monitor32_ch22,15,KO,M,W3,R4
1607,610,adj_Monitor32_ch23,11.8,KO,M,W3,R4
1608,611,adj_Monitor32_ch24,16.2,KO,M,W3,R4
1609,612,adj_Monitor32_ch25,13.2,KO,M,W3,R4
1610,613,adj_Monitor32_ch26,14.6,KO,M,W3,R4
1611,614,adj_Monitor32_ch27,5.8,KO,M,W3,R4
1612,615,adj_Monitor32_ch28,7.6,KO,M,W3,R4
1613,616,adj_Monitor32_ch29,3.4,KO,M,W3,R4
1614,617,adj_Monitor32_ch3,13,KO,M,W3,R4
1615,618,adj_Monitor32_ch30,9.6,KO,M,W3,R4
1616,619,adj_Monitor32_ch31,8.8,KO,M,W3,R4
1617,620,adj_Monitor32_ch32,12.6,KO,M,W3,R4
1618,621,adj_Monitor32_ch4,13.6,KO,M,W3,R4
1619,622,adj_Monitor32_ch5,7.6,KO,M,W3,R4
1620,623,adj_Monitor32_ch6,6.2,KO,M,W3,R4
1621,624,adj_Monitor32_ch7,12.4,KO,M,W3,R4
1622,625,adj_Monitor32_ch8,14.4,KO,M,W3,R4
1623,626,adj_Monitor32_ch9,8.8,KO,M,W3,R4
1624,627,adj_Monitor33_ch1,5.8,KO,F,W3,R3
1625,628,adj_Monitor33_ch10,19.2,KO,F,W3,R3
1626,629,adj_Monitor33_ch11,12.6,KO,F,W3,R3
1627,630,adj_Monitor33_ch12,12.6,KO,F,W3,R3
1628,631,adj_Monitor33_ch13,7.8,KO,F,W3,R3
1629,632,adj_Monitor33_ch14,13.4,KO,F,W3,R3
1630,633,adj_Monitor33_ch15,15.8,KO,F,W3,R3
1631,634,adj_Monitor33_ch16,10.4,KO,F,W3,R3
1632,635,adj_Monitor33_ch17,17.4,KO,F,W3,R3
1633,636,adj_Monitor33_ch18,6,KO,F,W3,R3
1634,637,adj_Monitor33_ch19,12.6,KO,F,W3,R3
1635,638,adj_Monitor33_ch2,17.4,KO,F,W3,R3
1636,639,adj_Monitor33_ch20,9.8,KO,F,W3,R3
1637,640,adj_Monitor33_ch21,17.6,KO,F,W3,R3
1638,641,adj_Monitor33_ch22,12.2,KO,F,W3,R3
1639,642,adj_Monitor33_ch23,8.2,KO,F,W3,R3
1640,643,adj_Monitor33_ch24,11,KO,F,W3,R3
1641,644,adj_Monitor33_ch25,9.4,KO,F,W3,R3
1642,645,adj_Monitor33_ch26,3.6,KO,F,W3,R3
1643,646,adj_Monitor33_ch27,4,KO,F,W3,R3
1644,647,adj_Monitor33_ch28,4.8,KO,F,W3,R3
1645,648,adj_Monitor33_ch29,6.6,KO,F,W3,R3
1646,649,adj_Monitor33_ch3,6.6,KO,F,W3,R3
1647,650,adj_Monitor33_ch30,13.8,KO,F,W3,R3
1648,651,adj_Monitor33_ch31,15.2,KO,F,W3,R3
1649,652,adj_Monitor33_ch32,12.4,KO,F,W3,R3
1650,653,adj_Monitor33_ch4,6.4,KO,F,W3,R3
1651,654,adj_Monitor33_ch5,12.8,KO,F,W3,R3
1652,655,adj_Monitor33_ch6,10.4,KO,F,W3,R3
1653,656,adj_Monitor33_ch7,4.6,KO,F,W3,R3
1654,657,adj_Monitor33_ch8,15.4,KO,F,W3,R3
1655,658,adj_Monitor33_ch9,8,KO,F,W3,R3
1656,659,adj_Monitor34_ch1,17.4,Y160C,F,W3,R2
1657,660,adj_Monitor34_ch11,14.6,Y160C,F,W3,R2
1658,661,adj_Monitor34_ch12,12.8,Y160C,F,W3,R2
1659,662,adj_Monitor34_ch13,15.6,Y160C,F,W3,R2
1660,663,adj_Monitor34_ch15,14.6,Y160C,F,W3,R2
1661,664,adj_Monitor34_ch16,14.6,Y160C,F,W3,R2
1662,665,adj_Monitor34_ch17,6.4,Y160C,F,W3,R2
1663,666,adj_Monitor34_ch18,13.2,Y160C,F,W3,R2
1664,667,adj_Monitor34_ch19,16,Y160C,F,W3,R2
1665,668,adj_Monitor34_ch2,13.6,Y160C,F,W3,R2
1666,669,adj_Monitor34_ch20,7.8,Y160C,F,W3,R2
1667,670,adj_Monitor34_ch21,6.8,Y160C,F,W3,R2
1668,671,adj_Monitor34_ch22,14.6,Y160C,F,W3,R2
1669,672,adj_Monitor34_ch23,12,Y160C,F,W3,R2
1670,673,adj_Monitor34_ch25,12.6,Y160C,F,W3,R2
1671,674,adj_Monitor34_ch26,11,Y160C,F,W3,R2
1672,675,adj_Monitor34_ch27,7.6,Y160C,F,W3,R2
1673,676,adj_Monitor34_ch28,4.8,Y160C,F,W3,R2
1674,677,adj_Monitor34_ch29,15.6,Y160C,F,W3,R2
1675,678,adj_Monitor34_ch3,9,Y160C,F,W3,R2
1676,679,adj_Monitor34_ch30,10.6,Y160C,F,W3,R2
1677,680,adj_Monitor34_ch31,4.8,Y160C,F,W3,R2
1678,681,adj_Monitor34_ch32,14,Y160C,F,W3,R2
1679,682,adj_Monitor34_ch4,13.8,Y160C,F,W3,R2
1680,683,adj_Monitor34_ch5,14.8,Y160C,F,W3,R2
1681,684,adj_Monitor34_ch6,17.2,Y160C,F,W3,R2
1682,685,adj_Monitor34_ch7,18.8,Y160C,F,W3,R2
1683,686,adj_Monitor34_ch8,15.6,Y160C,F,W3,R2
1684,687,adj_Monitor34_ch9,13.2,Y160C,F,W3,R2
1685,688,adj_Monitor35_ch1,18,KO,M,W3,R1
1686,689,adj_Monitor35_ch10,13.8,KO,M,W3,R1
1687,690,adj_Monitor35_ch11,13.2,KO,M,W3,R1
1688,691,adj_Monitor35_ch12,16.8,KO,M,W3,R1
1689,692,adj_Monitor35_ch13,13.6,KO,M,W3,R1
1690,693,adj_Monitor35_ch14,17.2,KO,M,W3,R1
1691,694,adj_Monitor35_ch15,11.6,KO,M,W3,R1
1692,695,adj_Monitor35_ch16,9.8,KO,M,W3,R1
1693,696,adj_Monitor35_ch18,11,KO,M,W3,R1
1694,697,adj_Monitor35_ch2,18.6,KO,M,W3,R1
1695,698,adj_Monitor35_ch20,12.8,KO,M,W3,R1
1696,699,adj_Monitor35_ch21,17.4,KO,M,W3,R1
1697,700,adj_Monitor35_ch22,16.6,KO,M,W3,R1
1698,701,adj_Monitor35_ch23,13,KO,M,W3,R1
1699,702,adj_Monitor35_ch25,16.2,KO,M,W3,R1
1700,703,adj_Monitor35_ch26,13.8,KO,M,W3,R1
1701,704,adj_Monitor35_ch27,9.8,KO,M,W3,R1
1702,705,adj_Monitor35_ch28,9.4,KO,M,W3,R1
1703,706,adj_Monitor35_ch29,10.4,KO,M,W3,R1
1704,707,adj_Monitor35_ch3,14.6,KO,M,W3,R1
1705,708,adj_Monitor35_ch30,5.8,KO,M,W3,R1
1706,709,adj_Monitor35_ch31,11,KO,M,W3,R1
1707,710,adj_Monitor35_ch32,12.6,KO,M,W3,R1
1708,711,adj_Monitor35_ch4,5.8,KO,M,W3,R1
1709,712,adj_Monitor35_ch5,9.8,KO,M,W3,R1
1710,713,adj_Monitor35_ch6,14.4,KO,M,W3,R1
1711,714,adj_Monitor35_ch7,9.4,KO,M,W3,R1
1712,715,adj_Monitor35_ch8,9.2,KO,M,W3,R1
1713,716,adj_Monitor35_ch9,14.6,KO,M,W3,R1
1714,717,adj_Monitor38_ch1,8.6,WG2,M,W3,R4
1715,718,adj_Monitor38_ch10,7,WG2,M,W3,R4
1716,719,adj_Monitor38_ch12,6,WG2,M,W3,R4
1717,720,adj_Monitor38_ch13,7.6,WG2,M,W3,R4
1718,721,adj_Monitor38_ch14,6.4,WG2,M,W3,R4
1719,722,adj_Monitor38_ch15,10,WG2,M,W3,R4
1720,723,adj_Monitor38_ch16,9.8,WG2,M,W3,R4
1721,724,adj_Monitor38_ch17,6.8,WG2,M,W3,R4
1722,725,adj_Monitor38_ch18,5,WG2,M,W3,R4
1723,726,adj_Monitor38_ch19,5.8,WG2,M,W3,R4
1724,727,adj_Monitor38_ch2,9.6,WG2,M,W3,R4
1725,728,adj_Monitor38_ch20,5,WG2,M,W3,R4
1726,729,adj_Monitor38_ch21,4.6,WG2,M,W3,R4
1727,730,adj_Monitor38_ch22,7.2,WG2,M,W3,R4
1728,731,adj_Monitor38_ch24,12.8,WG2,M,W3,R4
1729,732,adj_Monitor38_ch25,7.8,WG2,M,W3,R4
1730,733,adj_Monitor38_ch26,9.6,WG2,M,W3,R4
1731,734,adj_Monitor38_ch27,5.4,WG2,M,W3,R4
1732,735,adj_Monitor38_ch28,7,WG2,M,W3,R4
1733,736,adj_Monitor38_ch29,10,WG2,M,W3,R4
1734,737,adj_Monitor38_ch3,6.2,WG2,M,W3,R4
1735,738,adj_Monitor38_ch31,15,WG2,M,W3,R4
1736,739,adj_Monitor38_ch32,10.8,WG2,M,W3,R4
1737,740,adj_Monitor38_ch4,11.6,WG2,M,W3,R4
1738,741,adj_Monitor38_ch5,11.2,WG2,M,W3,R4
1739,742,adj_Monitor38_ch6,5.8,WG2,M,W3,R4
1740,743,adj_Monitor38_ch7,12.2,WG2,M,W3,R4
1741,744,adj_Monitor38_ch9,13.4,WG2,M,W3,R4
1742,745,adj_Monitor39_ch1,9,KO,M,W3,R3
1743,746,adj_Monitor39_ch10,11,KO,M,W3,R3
1744,747,adj_Monitor39_ch11,16.2,KO,M,W3,R3
1745,748,adj_Monitor39_ch12,12.2,KO,M,W3,R3
1746,749,adj_Monitor39_ch13,10.8,KO,M,W3,R3
1747,750,adj_Monitor39_ch14,13.8,KO,M,W3,R3
1748,751,adj_Monitor39_ch15,9.6,KO,M,W3,R3
1749,752,adj_Monitor39_ch16,10.2,KO,M,W3,R3
1750,753,adj_Monitor39_ch17,14.4,KO,M,W3,R3
1751,754,adj_Monitor39_ch18,11.6,KO,M,W3,R3
1752,755,adj_Monitor39_ch19,8.4,KO,M,W3,R3
1753,756,adj_Monitor39_ch2,8.6,KO,M,W3,R3
1754,757,adj_Monitor39_ch20,10,KO,M,W3,R3
1755,758,adj_Monitor39_ch21,11.6,KO,M,W3,R3
1756,759,adj_Monitor39_ch22,11.2,KO,M,W3,R3
1757,760,adj_Monitor39_ch23,12.2,KO,M,W3,R3
1758,761,adj_Monitor39_ch24,8.2,KO,M,W3,R3
1759,762,adj_Monitor39_ch25,11.6,KO,M,W3,R3
1760,763,adj_Monitor39_ch26,6.6,KO,M,W3,R3
1761,764,adj_Monitor39_ch27,10.4,KO,M,W3,R3
1762,765,adj_Monitor39_ch28,9.2,KO,M,W3,R3
1763,766,adj_Monitor39_ch29,8.6,KO,M,W3,R3
1764,767,adj_Monitor39_ch3,8.6,KO,M,W3,R3
1765,768,adj_Monitor39_ch30,5.4,KO,M,W3,R3
1766,769,adj_Monitor39_ch31,12.2,KO,M,W3,R3
1767,770,adj_Monitor39_ch32,8.2,KO,M,W3,R3
1768,771,adj_Monitor39_ch4,11,KO,M,W3,R3
1769,772,adj_Monitor39_ch5,6.4,KO,M,W3,R3
1770,773,adj_Monitor39_ch6,15.2,KO,M,W3,R3
1771,774,adj_Monitor39_ch7,14.8,KO,M,W3,R3
1772,775,adj_Monitor39_ch8,9,KO,M,W3,R3
1773,776,adj_Monitor39_ch9,11,KO,M,W3,R3
1774,777,adj_Monitor3_ch1,11,Y160C,M,W3,R4
1775,778,adj_Monitor3_ch10,6.4,Y160C,M,W3,R4
1776,779,adj_Monitor3_ch11,2.8,Y160C,M,W3,R4
1777,780,adj_Monitor3_ch12,7.8,Y160C,M,W3,R4
1778,781,adj_Monitor3_ch13,5.8,Y160C,M,W3,R4
1779,782,adj_Monitor3_ch15,5.4,Y160C,M,W3,R4
1780,783,adj_Monitor3_ch16,6.8,Y160C,M,W3,R4
1781,784,adj_Monitor3_ch17,10.2,Y160C,M,W3,R4
1782,785,adj_Monitor3_ch18,6,Y160C,M,W3,R4
1783,786,adj_Monitor3_ch19,6,Y160C,M,W3,R4
1784,787,adj_Monitor3_ch2,6.4,Y160C,M,W3,R4
1785,788,adj_Monitor3_ch20,8.8,Y160C,M,W3,R4
1786,789,adj_Monitor3_ch21,10.6,Y160C,M,W3,R4
1787,790,adj_Monitor3_ch22,11.8,Y160C,M,W3,R4
1788,791,adj_Monitor3_ch23,9.2,Y160C,M,W3,R4
1789,792,adj_Monitor3_ch24,5.2,Y160C,M,W3,R4
1790,793,adj_Monitor3_ch25,6,Y160C,M,W3,R4
1791,794,adj_Monitor3_ch26,13.2,Y160C,M,W3,R4
1792,795,adj_Monitor3_ch27,11,Y160C,M,W3,R4
1793,796,adj_Monitor3_ch28,4,Y160C,M,W3,R4
1794,797,adj_Monitor3_ch29,9.2,Y160C,M,W3,R4
1795,798,adj_Monitor3_ch3,7.6,Y160C,M,W3,R4
1796,799,adj_Monitor3_ch30,5.6,Y160C,M,W3,R4
1797,800,adj_Monitor3_ch31,4.8,Y160C,M,W3,R4
1798,801,adj_Monitor3_ch32,10,Y160C,M,W3,R4
1799,802,adj_Monitor3_ch4,5,Y160C,M,W3,R4
1800,803,adj_Monitor3_ch5,7.4,Y160C,M,W3,R4
1801,804,adj_Monitor3_ch7,6.4,Y160C,M,W3,R4
1802,805,adj_Monitor3_ch8,7.4,Y160C,M,W3,R4
1803,806,adj_Monitor3_ch9,9.6,Y160C,M,W3,R4
1804,807,adj_Monitor40_ch1,6.2,WG2,F,W3,R4
1805,808,adj_Monitor40_ch10,6,WG2,F,W3,R4
1806,809,adj_Monitor40_ch12,7.8,WG2,F,W3,R4
1807,810,adj_Monitor40_ch13,7.6,WG2,F,W3,R4
1808,811,adj_Monitor40_ch14,15.6,WG2,F,W3,R4
1809,812,adj_Monitor40_ch15,6.2,WG2,F,W3,R4
1810,813,adj_Monitor40_ch16,10,WG2,F,W3,R4
1811,814,adj_Monitor40_ch17,3.4,WG2,F,W3,R4
1812,815,adj_Monitor40_ch18,3.6,WG2,F,W3,R4
1813,816,adj_Monitor40_ch19,5.4,WG2,F,W3,R4
1814,817,adj_Monitor40_ch2,12.2,WG2,F,W3,R4
1815,818,adj_Monitor40_ch21,5.6,WG2,F,W3,R4
1816,819,adj_Monitor40_ch22,6.8,WG2,F,W3,R4
1817,820,adj_Monitor40_ch23,8.8,WG2,F,W3,R4
1818,821,adj_Monitor40_ch24,3.6,WG2,F,W3,R4
1819,822,adj_Monitor40_ch25,9.2,WG2,F,W3,R4
1820,823,adj_Monitor40_ch26,13.4,WG2,F,W3,R4
1821,824,adj_Monitor40_ch27,5,WG2,F,W3,R4
1822,825,adj_Monitor40_ch28,8,WG2,F,W3,R4
1823,826,adj_Monitor40_ch29,7,WG2,F,W3,R4
1824,827,adj_Monitor40_ch3,4.6,WG2,F,W3,R4
1825,828,adj_Monitor40_ch30,13.6,WG2,F,W3,R4
1826,829,adj_Monitor40_ch31,11.8,WG2,F,W3,R4
1827,830,adj_Monitor40_ch4,12.6,WG2,F,W3,R4
1828,831,adj_Monitor40_ch5,12.8,WG2,F,W3,R4
1829,832,adj_Monitor40_ch7,8.4,WG2,F,W3,R4
1830,833,adj_Monitor40_ch9,7.4,WG2,F,W3,R4
1831,834,adj_Monitor41_ch1,6.2,W422X,F,W3,R4
1832,835,adj_Monitor41_ch10,10.4,W422X,F,W3,R4
1833,836,adj_Monitor41_ch11,7.8,W422X,F,W3,R4
1834,837,adj_Monitor41_ch12,3,W422X,F,W3,R4
1835,838,adj_Monitor41_ch13,12,W422X,F,W3,R4
1836,839,adj_Monitor41_ch14,4.6,W422X,F,W3,R4
1837,840,adj_Monitor41_ch15,7.2,W422X,F,W3,R4
1838,841,adj_Monitor41_ch16,6.6,W422X,F,W3,R4
1839,842,adj_Monitor41_ch17,2.8,W422X,F,W3,R4
1840,843,adj_Monitor41_ch18,8.6,W422X,F,W3,R4
1841,844,adj_Monitor41_ch19,13.2,W422X,F,W3,R4
1842,845,adj_Monitor41_ch2,13.2,W422X,F,W3,R4
1843,846,adj_Monitor41_ch20,5,W422X,F,W3,R4
1844,847,adj_Monitor41_ch21,9.6,W422X,F,W3,R4
1845,848,adj_Monitor41_ch22,13.4,W422X,F,W3,R4
1846,849,adj_Monitor41_ch23,12.8,W422X,F,W3,R4
1847,850,adj_Monitor41_ch24,11.4,W422X,F,W3,R4
1848,851,adj_Monitor41_ch25,12.4,W422X,F,W3,R4
1849,852,adj_Monitor41_ch26,8.2,W422X,F,W3,R4
1850,853,adj_Monitor41_ch27,7.2,W422X,F,W3,R4
1851,854,adj_Monitor41_ch28,8.4,W422X,F,W3,R4
1852,855,adj_Monitor41_ch29,11.2,W422X,F,W3,R4
1853,856,adj_Monitor41_ch3,5.8,W422X,F,W3,R4
1854,857,adj_Monitor41_ch30,5.4,W422X,F,W3,R4
1855,858,adj_Monitor41_ch31,4.4,W422X,F,W3,R4
1856,859,adj_Monitor41_ch32,6,W422X,F,W3,R4
1857,860,adj_Monitor41_ch4,4.6,W422X,F,W3,R4
1858,861,adj_Monitor41_ch5,3.6,W422X,F,W3,R4
1859,862,adj_Monitor41_ch6,6.8,W422X,F,W3,R4
1860,863,adj_Monitor41_ch7,11.2,W422X,F,W3,R4
1861,864,adj_Monitor41_ch8,3.4,W422X,F,W3,R4
1862,865,adj_Monitor41_ch9,7.6,W422X,F,W3,R4
1863,866,adj_Monitor42_ch1,7,W422X,F,W3,R1
1864,867,adj_Monitor42_ch10,9.8,W422X,F,W3,R1
1865,868,adj_Monitor42_ch11,17.8,W422X,F,W3,R1
1866,869,adj_Monitor42_ch12,12.6,W422X,F,W3,R1
1867,870,adj_Monitor42_ch13,11.2,W422X,F,W3,R1
1868,871,adj_Monitor42_ch14,8.4,W422X,F,W3,R1
1869,872,adj_Monitor42_ch16,10,W422X,F,W3,R1
1870,873,adj_Monitor42_ch17,8.2,W422X,F,W3,R1
1871,874,adj_Monitor42_ch18,10.6,W422X,F,W3,R1
1872,875,adj_Monitor42_ch19,2.8,W422X,F,W3,R1
1873,876,adj_Monitor42_ch2,3.8,W422X,F,W3,R1
1874,877,adj_Monitor42_ch20,2.8,W422X,F,W3,R1
1875,878,adj_Monitor42_ch21,9.2,W422X,F,W3,R1
1876,879,adj_Monitor42_ch22,4.4,W422X,F,W3,R1
1877,880,adj_Monitor42_ch23,14.8,W422X,F,W3,R1
1878,881,adj_Monitor42_ch24,12.6,W422X,F,W3,R1
1879,882,adj_Monitor42_ch25,3.4,W422X,F,W3,R1
1880,883,adj_Monitor42_ch26,5.8,W422X,F,W3,R1
1881,884,adj_Monitor42_ch27,8.8,W422X,F,W3,R1
1882,885,adj_Monitor42_ch28,7.8,W422X,F,W3,R1
1883,886,adj_Monitor42_ch29,8.4,W422X,F,W3,R1
1884,887,adj_Monitor42_ch3,10.4,W422X,F,W3,R1
1885,888,adj_Monitor42_ch30,8.4,W422X,F,W3,R1
1886,889,adj_Monitor42_ch31,7.4,W422X,F,W3,R1
1887,890,adj_Monitor42_ch32,12.6,W422X,F,W3,R1
1888,891,adj_Monitor42_ch4,12.8,W422X,F,W3,R1
1889,892,adj_Monitor42_ch5,8.6,W422X,F,W3,R1
1890,893,adj_Monitor42_ch6,8.2,W422X,F,W3,R1
1891,894,adj_Monitor42_ch7,5.2,W422X,F,W3,R1
1892,895,adj_Monitor42_ch8,6.6,W422X,F,W3,R1
1893,896,adj_Monitor42_ch9,4.2,W422X,F,W3,R1
1894,897,adj_Monitor5_ch1,7.4,W422X,F,W3,R3
1895,898,adj_Monitor5_ch10,4.8,W422X,F,W3,R3
1896,899,adj_Monitor5_ch11,4.6,W422X,F,W3,R3
1897,900,adj_Monitor5_ch12,6.8,W422X,F,W3,R3
1898,901,adj_Monitor5_ch13,9,W422X,F,W3,R3
1899,902,adj_Monitor5_ch14,8,W422X,F,W3,R3
1900,903,adj_Monitor5_ch15,18,W422X,F,W3,R3
1901,904,adj_Monitor5_ch16,15.8,W422X,F,W3,R3
1902,905,adj_Monitor5_ch17,12.4,W422X,F,W3,R3
1903,906,adj_Monitor5_ch18,10.4,W422X,F,W3,R3
1904,907,adj_Monitor5_ch19,8.4,W422X,F,W3,R3
1905,908,adj_Monitor5_ch2,3.6,W422X,F,W3,R3
1906,909,adj_Monitor5_ch20,5,W422X,F,W3,R3
1907,910,adj_Monitor5_ch21,6.8,W422X,F,W3,R3
1908,911,adj_Monitor5_ch22,8.2,W422X,F,W3,R3
1909,912,adj_Monitor5_ch23,3.2,W422X,F,W3,R3
1910,913,adj_Monitor5_ch24,16,W422X,F,W3,R3
1911,914,adj_Monitor5_ch25,14.4,W422X,F,W3,R3
1912,915,adj_Monitor5_ch26,4,W422X,F,W3,R3
1913,916,adj_Monitor5_ch27,4.4,W422X,F,W3,R3
1914,917,adj_Monitor5_ch28,12.4,W422X,F,W3,R3
1915,918,adj_Monitor5_ch29,6.4,W422X,F,W3,R3
1916,919,adj_Monitor5_ch30,8.2,W422X,F,W3,R3
1917,920,adj_Monitor5_ch31,13.4,W422X,F,W3,R3
1918,921,adj_Monitor5_ch32,10.2,W422X,F,W3,R3
1919,922,adj_Monitor5_ch4,14.6,W422X,F,W3,R3
1920,923,adj_Monitor5_ch5,10.8,W422X,F,W3,R3
1921,924,adj_Monitor5_ch6,9.2,W422X,F,W3,R3
1922,925,adj_Monitor5_ch7,4.4,W422X,F,W3,R3
1923,926,adj_Monitor5_ch8,6.4,W422X,F,W3,R3
1924,927,adj_Monitor5_ch9,5.2,W422X,F,W3,R3
1925,928,adj_Monitor6_ch1,17.4,Y160C,F,W3,R1
1926,929,adj_Monitor6_ch10,19.2,Y160C,F,W3,R1
1927,930,adj_Monitor6_ch11,12.2,Y160C,F,W3,R1
1928,931,adj_Monitor6_ch12,13,Y160C,F,W3,R1
1929,932,adj_Monitor6_ch13,8.4,Y160C,F,W3,R1
1930,933,adj_Monitor6_ch14,13,Y160C,F,W3,R1
1931,934,adj_Monitor6_ch15,13.6,Y160C,F,W3,R1
1932,935,adj_Monitor6_ch16,17.2,Y160C,F,W3,R1
1933,936,adj_Monitor6_ch17,17.2,Y160C,F,W3,R1
1934,937,adj_Monitor6_ch18,11.4,Y160C,F,W3,R1
1935,938,adj_Monitor6_ch19,8.6,Y160C,F,W3,R1
1936,939,adj_Monitor6_ch2,17.6,Y160C,F,W3,R1
1937,940,adj_Monitor6_ch20,5,Y160C,F,W3,R1
1938,941,adj_Monitor6_ch21,9.2,Y160C,F,W3,R1
1939,942,adj_Monitor6_ch22,11.8,Y160C,F,W3,R1
1940,943,adj_Monitor6_ch23,20.2,Y160C,F,W3,R1
1941,944,adj_Monitor6_ch24,18.4,Y160C,F,W3,R1
1942,945,adj_Monitor6_ch25,12.8,Y160C,F,W3,R1
1943,946,adj_Monitor6_ch26,11.8,Y160C,F,W3,R1
1944,947,adj_Monitor6_ch27,20.2,Y160C,F,W3,R1
1945,948,adj_Monitor6_ch28,11,Y160C,F,W3,R1
1946,949,adj_Monitor6_ch29,5.4,Y160C,F,W3,R1
1947,950,adj_Monitor6_ch3,19.2,Y160C,F,W3,R1
1948,951,adj_Monitor6_ch30,12.4,Y160C,F,W3,R1
1949,952,adj_Monitor6_ch31,9.6,Y160C,F,W3,R1
1950,953,adj_Monitor6_ch4,16.8,Y160C,F,W3,R1
1951,954,adj_Monitor6_ch5,18,Y160C,F,W3,R1
1952,955,adj_Monitor6_ch6,16.6,Y160C,F,W3,R1
1953,956,adj_Monitor6_ch7,10.8,Y160C,F,W3,R1
1954,957,adj_Monitor6_ch8,21.6,Y160C,F,W3,R1
1955,958,adj_Monitor6_ch9,10.4,Y160C,F,W3,R1
