,X,Channel,Activity,Genotype,Sex,Age,Rep
1,225,adj_Monitor1_ch14,2721.4,Y160C,F,W0,R3
2,628,adj_Monitor34_ch17,2339.2,KO,M,W0,R1
3,266,adj_Monitor20_ch22,2258.2,Y160C,M,W0,R1
4,774,adj_Monitor3_ch9,2167,W422X,M,W0,R3
5,595,adj_Monitor33_ch15,2158.8,Y160C,M,W0,R3
6,226,adj_Monitor1_ch15,2122.8,Y160C,F,W0,R3
7,741,adj_Monitor39_ch8,2056,W422X,M,W0,R2
8,233,adj_Monitor1_ch21,1999,Y160C,F,W0,R3
9,731,adj_Monitor39_ch28,1967.8,W422X,M,W0,R2
10,723,adj_Monitor39_ch20,1965.6,W422X,M,W0,R2
11,194,adj_Monitor19_ch12,1944.4,KO,M,W0,R2
12,57,adj_Monitor11_ch4,1942.2,W422X,F,W0,R4
13,123,adj_Monitor15_ch6,1916.2,Y160C,F,W0,R2
14,496,adj_Monitor2_ch8,1896.6,WG2,M,W0,R2
15,650,adj_Monitor34_ch9,1895,KO,M,W0,R1
16,44,adj_Monitor11_ch21,1861.2,W422X,F,W0,R4
17,931,adj_Monitor50_ch7,1851,W422X,F,W0,R3
18,7,adj_Monitor10_ch16,1841.6,Y160C,F,W0,R4
19,4,adj_Monitor10_ch13,1837.2,Y160C,F,W0,R4
20,722,adj_Monitor39_ch2,1836.8,W422X,M,W0,R2
21,25,adj_Monitor10_ch32,1821.2,Y160C,F,W0,R4
22,28,adj_Monitor10_ch7,1814.6,Y160C,F,W0,R4
23,219,adj_Monitor19_ch9,1806.2,KO,M,W0,R2
24,495,adj_Monitor2_ch7,1803,WG2,M,W0,R2
25,351,adj_Monitor24_ch15,1800.4,WG2,F,W0,R1
26,41,adj_Monitor11_ch19,1795.8,W422X,F,W0,R4
27,29,adj_Monitor10_ch8,1791.2,Y160C,F,W0,R4
28,270,adj_Monitor20_ch27,1749.6,Y160C,M,W0,R1
29,42,adj_Monitor11_ch2,1738.4,W422X,F,W0,R4
30,903,adj_Monitor50_ch10,1728.4,W422X,F,W0,R3
31,234,adj_Monitor1_ch22,1722.4,Y160C,F,W0,R3
32,184,adj_Monitor18_ch32,1716.2,KO,F,W0,R2
33,53,adj_Monitor11_ch3,1713.4,W422X,F,W0,R4
34,730,adj_Monitor39_ch27,1710.4,W422X,M,W0,R2
35,357,adj_Monitor24_ch20,1702,WG2,F,W0,R1
36,853,adj_Monitor45_ch22,1697.4,KO,F,W0,R3
37,909,adj_Monitor50_ch16,1693,W422X,F,W0,R3
38,130,adj_Monitor16_ch12,1691.6,WG2,F,W0,R4
39,812,adj_Monitor42_ch14,1690.6,W422X,F,W0,R2
40,61,adj_Monitor11_ch8,1688.6,W422X,F,W0,R4
41,22,adj_Monitor10_ch3,1684.8,Y160C,F,W0,R4
42,462,adj_Monitor28_ch5,1676.6,W422X,M,W0,R1
43,451,adj_Monitor28_ch22,1675.4,W422X,M,W0,R1
44,739,adj_Monitor39_ch6,1670,W422X,M,W0,R2
45,58,adj_Monitor11_ch5,1667.6,W422X,F,W0,R4
46,353,adj_Monitor24_ch17,1667,WG2,F,W0,R1
47,682,adj_Monitor38_ch10,1663.6,KO,M,W0,R4
48,798,adj_Monitor41_ch30,1658.6,Y160C,M,W0,R4
49,685,adj_Monitor38_ch13,1655.2,KO,M,W0,R4
50,552,adj_Monitor31_ch32,1637.6,W422X,M,W0,R4
51,617,adj_Monitor33_ch6,1635.8,Y160C,M,W0,R3
52,766,adj_Monitor3_ch30,1630.2,W422X,M,W0,R3
53,870,adj_Monitor49_ch1,1628.2,Y160C,M,W0,R2
54,533,adj_Monitor31_ch14,1627.8,W422X,M,W0,R4
55,175,adj_Monitor18_ch24,1627.8,KO,F,W0,R2
56,710,adj_Monitor38_ch9,1622,KO,M,W0,R4
57,742,adj_Monitor39_ch9,1620.8,W422X,M,W0,R2
58,136,adj_Monitor16_ch18,1617.8,WG2,F,W0,R4
59,927,adj_Monitor50_ch32,1609.8,W422X,F,W0,R3
60,913,adj_Monitor50_ch2,1607.2,W422X,F,W0,R3
61,249,adj_Monitor1_ch7,1600.2,Y160C,F,W0,R3
62,572,adj_Monitor32_ch21,1594,WG2,M,W0,R1
63,63,adj_Monitor14_ch1,1593.4,W422X,F,W0,R1
64,687,adj_Monitor38_ch15,1592.6,KO,M,W0,R4
65,77,adj_Monitor14_ch22,1590.8,W422X,F,W0,R1
66,120,adj_Monitor15_ch32,1588.2,Y160C,F,W0,R2
67,52,adj_Monitor11_ch29,1586,W422X,F,W0,R4
68,86,adj_Monitor14_ch30,1580.2,W422X,F,W0,R1
69,635,adj_Monitor34_ch24,1579.6,KO,M,W0,R1
70,946,adj_Monitor5_ch21,1578.6,WG2,F,W0,R2
71,524,adj_Monitor30_ch6,1571.6,Y160C,F,W0,R1
72,253,adj_Monitor20_ch10,1568.4,Y160C,M,W0,R1
73,241,adj_Monitor1_ch29,1567.8,Y160C,F,W0,R3
74,273,adj_Monitor20_ch30,1565.8,Y160C,M,W0,R1
75,512,adj_Monitor30_ch23,1564.6,Y160C,F,W0,R1
76,906,adj_Monitor50_ch13,1564.4,W422X,F,W0,R3
77,780,adj_Monitor41_ch14,1562.2,Y160C,M,W0,R4
78,672,adj_Monitor35_ch3,1558,KO,M,W0,R3
79,728,adj_Monitor39_ch25,1557,W422X,M,W0,R2
80,135,adj_Monitor16_ch17,1557,WG2,F,W0,R4
81,678,adj_Monitor35_ch7,1556.4,KO,M,W0,R3
82,738,adj_Monitor39_ch5,1552.2,W422X,M,W0,R2
83,382,adj_Monitor26_ch15,1549,WG2,F,W0,R3
84,721,adj_Monitor39_ch19,1545.4,W422X,M,W0,R2
85,720,adj_Monitor39_ch18,1545.2,W422X,M,W0,R2
86,48,adj_Monitor11_ch25,1540.8,W422X,F,W0,R4
87,744,adj_Monitor3_ch10,1540.4,W422X,M,W0,R3
88,724,adj_Monitor39_ch21,1535.8,W422X,M,W0,R2
89,904,adj_Monitor50_ch11,1535.8,W422X,F,W0,R3
90,816,adj_Monitor42_ch18,1534,W422X,F,W0,R2
91,153,adj_Monitor16_ch4,1530,WG2,F,W0,R4
92,302,adj_Monitor21_ch28,1528,WG2,M,W0,R3
93,852,adj_Monitor45_ch21,1523.4,KO,F,W0,R3
94,736,adj_Monitor39_ch32,1522.8,W422X,M,W0,R2
95,920,adj_Monitor50_ch26,1522.4,W422X,F,W0,R3
96,229,adj_Monitor1_ch18,1521.2,Y160C,F,W0,R3
97,38,adj_Monitor11_ch16,1518.4,W422X,F,W0,R4
98,978,adj_Monitor6_ch22,1513.4,KO,F,W0,R4
99,558,adj_Monitor31_ch9,1513.2,W422X,M,W0,R4
100,197,adj_Monitor19_ch17,1511.6,KO,M,W0,R2
101,847,adj_Monitor45_ch17,1503.4,KO,F,W0,R3
102,176,adj_Monitor18_ch25,1502.2,KO,F,W0,R2
103,631,adj_Monitor34_ch2,1501.2,KO,M,W0,R1
104,688,adj_Monitor38_ch16,1499.8,KO,M,W0,R4
105,838,adj_Monitor42_ch9,1499.6,W422X,F,W0,R2
106,849,adj_Monitor45_ch19,1498.8,KO,F,W0,R3
107,503,adj_Monitor30_ch14,1496.4,Y160C,F,W0,R1
108,448,adj_Monitor28_ch2,1493.8,W422X,M,W0,R1
109,863,adj_Monitor45_ch32,1493.4,KO,F,W0,R3
110,733,adj_Monitor39_ch3,1487.4,W422X,M,W0,R2
111,539,adj_Monitor31_ch2,1486.6,W422X,M,W0,R4
112,985,adj_Monitor6_ch29,1485.2,KO,F,W0,R4
113,473,adj_Monitor2_ch16,1482.8,WG2,M,W0,R2
114,911,adj_Monitor50_ch18,1482,W422X,F,W0,R3
115,963,adj_Monitor5_ch8,1481,WG2,F,W0,R2
116,557,adj_Monitor31_ch8,1476.2,W422X,M,W0,R4
117,100,adj_Monitor15_ch14,1474.4,Y160C,F,W0,R2
118,172,adj_Monitor18_ch21,1472.6,KO,F,W0,R2
119,370,adj_Monitor24_ch32,1466.4,WG2,F,W0,R1
120,855,adj_Monitor45_ch25,1466.4,KO,F,W0,R3
121,280,adj_Monitor20_ch8,1464.4,Y160C,M,W0,R1
122,474,adj_Monitor2_ch17,1464.2,WG2,M,W0,R2
123,822,adj_Monitor42_ch23,1463.8,W422X,F,W0,R2
124,88,adj_Monitor14_ch32,1457.6,W422X,F,W0,R1
125,354,adj_Monitor24_ch18,1457.6,WG2,F,W0,R1
126,686,adj_Monitor38_ch14,1457.4,KO,M,W0,R4
127,719,adj_Monitor39_ch17,1455.6,W422X,M,W0,R2
128,35,adj_Monitor11_ch13,1453.8,W422X,F,W0,R4
129,13,adj_Monitor10_ch21,1449.6,Y160C,F,W0,R4
130,516,adj_Monitor30_ch27,1448.4,Y160C,F,W0,R1
131,0,adj_Monitor10_ch1,1447.8,Y160C,F,W0,R4
132,836,adj_Monitor42_ch7,1447,W422X,F,W0,R2
133,36,adj_Monitor11_ch14,1446.8,W422X,F,W0,R4
134,82,adj_Monitor14_ch27,1445.2,W422X,F,W0,R1
135,246,adj_Monitor1_ch4,1444,Y160C,F,W0,R3
136,87,adj_Monitor14_ch31,1443.4,W422X,F,W0,R1
137,312,adj_Monitor21_ch8,1440.4,WG2,M,W0,R3
138,907,adj_Monitor50_ch14,1439.8,W422X,F,W0,R3
139,740,adj_Monitor39_ch7,1439.2,W422X,M,W0,R2
140,17,adj_Monitor10_ch25,1438.2,Y160C,F,W0,R4
141,523,adj_Monitor30_ch4,1437,Y160C,F,W0,R1
142,71,adj_Monitor14_ch17,1436.8,W422X,F,W0,R1
143,442,adj_Monitor28_ch14,1434.6,W422X,M,W0,R1
144,752,adj_Monitor3_ch18,1427.4,W422X,M,W0,R3
145,420,adj_Monitor27_ch21,1427.4,WG2,M,W0,R4
146,605,adj_Monitor33_ch24,1426,Y160C,M,W0,R3
147,224,adj_Monitor1_ch13,1424.4,Y160C,F,W0,R3
148,375,adj_Monitor24_ch8,1424,WG2,F,W0,R1
149,325,adj_Monitor22_ch2,1423,KO,F,W0,R1
150,367,adj_Monitor24_ch3,1420.6,WG2,F,W0,R1
151,560,adj_Monitor32_ch10,1420.4,WG2,M,W0,R1
152,43,adj_Monitor11_ch20,1418.8,W422X,F,W0,R4
153,862,adj_Monitor45_ch31,1418.2,KO,F,W0,R3
154,205,adj_Monitor19_ch25,1417.8,KO,M,W0,R2
155,46,adj_Monitor11_ch23,1417.4,W422X,F,W0,R4
156,141,adj_Monitor16_ch22,1416.6,WG2,F,W0,R4
157,786,adj_Monitor41_ch2,1416,Y160C,M,W0,R4
158,908,adj_Monitor50_ch15,1415.6,W422X,F,W0,R3
159,56,adj_Monitor11_ch32,1412.8,W422X,F,W0,R4
160,715,adj_Monitor39_ch13,1412.4,W422X,M,W0,R2
161,767,adj_Monitor3_ch31,1408.4,W422X,M,W0,R3
162,93,adj_Monitor14_ch8,1404.2,W422X,F,W0,R1
163,267,adj_Monitor20_ch24,1402.6,Y160C,M,W0,R1
164,331,adj_Monitor22_ch25,1401.4,KO,F,W0,R1
165,254,adj_Monitor20_ch11,1398,Y160C,M,W0,R1
166,902,adj_Monitor50_ch1,1396.8,W422X,F,W0,R3
167,529,adj_Monitor31_ch10,1396.8,W422X,M,W0,R4
168,250,adj_Monitor1_ch8,1396.2,Y160C,F,W0,R3
169,922,adj_Monitor50_ch28,1395.8,W422X,F,W0,R3
170,639,adj_Monitor34_ch28,1395.2,KO,M,W0,R1
171,346,adj_Monitor24_ch10,1394.6,WG2,F,W0,R1
172,994,adj_Monitor6_ch8,1394,KO,F,W0,R4
173,313,adj_Monitor21_ch9,1393.8,WG2,M,W0,R3
174,189,adj_Monitor18_ch8,1393.4,KO,F,W0,R2
175,5,adj_Monitor10_ch14,1390.2,Y160C,F,W0,R4
176,797,adj_Monitor41_ch3,1390,Y160C,M,W0,R4
177,808,adj_Monitor42_ch10,1389.4,W422X,F,W0,R2
178,37,adj_Monitor11_ch15,1386.8,W422X,F,W0,R4
179,119,adj_Monitor15_ch31,1386.8,Y160C,F,W0,R2
180,228,adj_Monitor1_ch17,1385.8,Y160C,F,W0,R3
181,111,adj_Monitor15_ch24,1385.2,Y160C,F,W0,R2
182,16,adj_Monitor10_ch24,1382.8,Y160C,F,W0,R4
183,103,adj_Monitor15_ch17,1378.2,Y160C,F,W0,R2
184,12,adj_Monitor10_ch20,1376.8,Y160C,F,W0,R4
185,988,adj_Monitor6_ch31,1373.4,KO,F,W0,R4
186,901,adj_Monitor49_ch9,1373.2,Y160C,M,W0,R2
187,905,adj_Monitor50_ch12,1373,W422X,F,W0,R3
188,126,adj_Monitor15_ch9,1368.2,Y160C,F,W0,R2
189,262,adj_Monitor20_ch19,1367.4,Y160C,M,W0,R1
190,289,adj_Monitor21_ch16,1367.4,WG2,M,W0,R3
191,59,adj_Monitor11_ch6,1363.2,W422X,F,W0,R4
192,218,adj_Monitor19_ch8,1362.6,KO,M,W0,R2
193,132,adj_Monitor16_ch14,1361.8,WG2,F,W0,R4
194,350,adj_Monitor24_ch14,1358.8,WG2,F,W0,R1
195,868,adj_Monitor45_ch8,1358.8,KO,F,W0,R3
196,237,adj_Monitor1_ch25,1358.2,Y160C,F,W0,R3
197,538,adj_Monitor31_ch19,1354.8,W422X,M,W0,R4
198,995,adj_Monitor6_ch9,1354.2,KO,F,W0,R4
199,211,adj_Monitor19_ch30,1353.4,KO,M,W0,R2
200,502,adj_Monitor30_ch13,1350.8,Y160C,F,W0,R1
201,73,adj_Monitor14_ch19,1350.4,W422X,F,W0,R1
202,19,adj_Monitor10_ch27,1350.2,Y160C,F,W0,R4
203,661,adj_Monitor35_ch19,1350.2,KO,M,W0,R3
204,187,adj_Monitor18_ch6,1346.4,KO,F,W0,R2
205,527,adj_Monitor30_ch9,1344.8,Y160C,F,W0,R1
206,169,adj_Monitor18_ch19,1344.2,KO,F,W0,R2
207,261,adj_Monitor20_ch18,1343.2,Y160C,M,W0,R1
208,834,adj_Monitor42_ch5,1340.6,W422X,F,W0,R2
209,708,adj_Monitor38_ch7,1339.6,KO,M,W0,R4
210,764,adj_Monitor3_ch29,1339.6,W422X,M,W0,R3
211,944,adj_Monitor5_ch2,1339.4,WG2,F,W0,R2
212,156,adj_Monitor16_ch7,1339,WG2,F,W0,R4
213,193,adj_Monitor19_ch11,1337.8,KO,M,W0,R2
214,915,adj_Monitor50_ch21,1337.2,W422X,F,W0,R3
215,166,adj_Monitor18_ch16,1335.8,KO,F,W0,R2
216,930,adj_Monitor50_ch6,1334.4,W422X,F,W0,R3
217,858,adj_Monitor45_ch28,1331.4,KO,F,W0,R3
218,627,adj_Monitor34_ch16,1330.6,KO,M,W0,R1
219,11,adj_Monitor10_ch2,1330.2,Y160C,F,W0,R4
220,281,adj_Monitor20_ch9,1329.6,Y160C,M,W0,R1
221,955,adj_Monitor5_ch3,1329.2,WG2,F,W0,R2
222,359,adj_Monitor24_ch22,1328.4,WG2,F,W0,R1
223,485,adj_Monitor2_ch27,1324.8,WG2,M,W0,R2
224,168,adj_Monitor18_ch18,1322.6,KO,F,W0,R2
225,659,adj_Monitor35_ch17,1322.2,KO,M,W0,R3
226,142,adj_Monitor16_ch23,1321.8,WG2,F,W0,R4
227,481,adj_Monitor2_ch23,1319.8,WG2,M,W0,R2
228,342,adj_Monitor22_ch6,1318.6,KO,F,W0,R1
229,347,adj_Monitor24_ch11,1318,WG2,F,W0,R1
230,651,adj_Monitor35_ch1,1316.8,KO,M,W0,R3
231,8,adj_Monitor10_ch17,1316,Y160C,F,W0,R4
232,112,adj_Monitor15_ch25,1314.8,Y160C,F,W0,R2
233,393,adj_Monitor26_ch25,1314.4,WG2,F,W0,R3
234,18,adj_Monitor10_ch26,1313.4,Y160C,F,W0,R4
235,864,adj_Monitor45_ch4,1311.2,KO,F,W0,R3
236,146,adj_Monitor16_ch27,1311,WG2,F,W0,R4
237,475,adj_Monitor2_ch18,1309.4,WG2,M,W0,R2
238,464,adj_Monitor28_ch7,1306.2,W422X,M,W0,R1
239,791,adj_Monitor41_ch24,1305.6,Y160C,M,W0,R4
240,213,adj_Monitor19_ch32,1305,KO,M,W0,R2
241,360,adj_Monitor24_ch23,1304.6,WG2,F,W0,R1
242,867,adj_Monitor45_ch7,1302,KO,F,W0,R3
243,621,adj_Monitor34_ch1,1301.2,KO,M,W0,R1
244,207,adj_Monitor19_ch27,1300,KO,M,W0,R2
245,409,adj_Monitor27_ch10,1297.6,WG2,M,W0,R4
246,188,adj_Monitor18_ch7,1294.8,KO,F,W0,R2
247,167,adj_Monitor18_ch17,1294,KO,F,W0,R2
248,700,adj_Monitor38_ch27,1293,KO,M,W0,R4
249,162,adj_Monitor18_ch12,1292.4,KO,F,W0,R2
250,697,adj_Monitor38_ch24,1291,KO,M,W0,R4
251,14,adj_Monitor10_ch22,1289.8,Y160C,F,W0,R4
252,649,adj_Monitor34_ch8,1288.8,KO,M,W0,R1
253,506,adj_Monitor30_ch17,1286.4,Y160C,F,W0,R1
254,200,adj_Monitor19_ch20,1286,KO,M,W0,R2
255,102,adj_Monitor15_ch16,1285.8,Y160C,F,W0,R2
256,945,adj_Monitor5_ch20,1284.6,WG2,F,W0,R2
257,231,adj_Monitor1_ch2,1283.8,Y160C,F,W0,R3
258,939,adj_Monitor5_ch14,1282.8,WG2,F,W0,R2
259,899,adj_Monitor49_ch7,1282.6,Y160C,M,W0,R2
260,757,adj_Monitor3_ch22,1282.4,W422X,M,W0,R3
261,732,adj_Monitor39_ch29,1282.4,W422X,M,W0,R2
262,334,adj_Monitor22_ch28,1282.4,KO,F,W0,R1
263,223,adj_Monitor1_ch12,1281.4,Y160C,F,W0,R3
264,323,adj_Monitor22_ch18,1280.8,KO,F,W0,R1
265,33,adj_Monitor11_ch11,1280.8,W422X,F,W0,R4
266,490,adj_Monitor2_ch31,1280.6,WG2,M,W0,R2
267,155,adj_Monitor16_ch6,1280.6,WG2,F,W0,R4
268,396,adj_Monitor26_ch28,1279.4,WG2,F,W0,R3
269,290,adj_Monitor21_ch17,1279.2,WG2,M,W0,R3
270,500,adj_Monitor30_ch11,1278.8,Y160C,F,W0,R1
271,696,adj_Monitor38_ch23,1276.6,KO,M,W0,R4
272,614,adj_Monitor33_ch32,1276.2,Y160C,M,W0,R3
273,178,adj_Monitor18_ch27,1275.2,KO,F,W0,R2
274,964,adj_Monitor6_ch1,1272.6,KO,F,W0,R4
275,314,adj_Monitor22_ch1,1272.6,KO,F,W0,R1
276,528,adj_Monitor31_ch1,1268.4,W422X,M,W0,R4
277,428,adj_Monitor27_ch3,1268,WG2,M,W0,R4
278,935,adj_Monitor5_ch10,1267.2,WG2,F,W0,R2
279,117,adj_Monitor15_ch3,1267,Y160C,F,W0,R2
280,40,adj_Monitor11_ch18,1265.8,W422X,F,W0,R4
281,991,adj_Monitor6_ch5,1265.6,KO,F,W0,R4
282,551,adj_Monitor31_ch31,1264.2,W422X,M,W0,R4
283,415,adj_Monitor27_ch16,1264,WG2,M,W0,R4
284,54,adj_Monitor11_ch30,1262.6,W422X,F,W0,R4
285,487,adj_Monitor2_ch29,1261.6,WG2,M,W0,R2
286,436,adj_Monitor27_ch9,1260.6,WG2,M,W0,R4
287,452,adj_Monitor28_ch23,1258,W422X,M,W0,R1
288,195,adj_Monitor19_ch14,1256,KO,M,W0,R2
289,802,adj_Monitor41_ch5,1255.2,Y160C,M,W0,R4
290,455,adj_Monitor28_ch27,1254,W422X,M,W0,R1
291,992,adj_Monitor6_ch6,1252.6,KO,F,W0,R4
292,410,adj_Monitor27_ch11,1252.4,WG2,M,W0,R4
293,792,adj_Monitor41_ch25,1250.8,Y160C,M,W0,R4
294,309,adj_Monitor21_ch5,1250.6,WG2,M,W0,R3
295,536,adj_Monitor31_ch17,1250.4,W422X,M,W0,R4
296,497,adj_Monitor2_ch9,1250,WG2,M,W0,R2
297,456,adj_Monitor28_ch28,1249.6,W422X,M,W0,R1
298,918,adj_Monitor50_ch24,1249.4,W422X,F,W0,R3
299,718,adj_Monitor39_ch16,1248.8,W422X,M,W0,R2
300,97,adj_Monitor15_ch11,1248,Y160C,F,W0,R2
301,769,adj_Monitor3_ch4,1246.8,W422X,M,W0,R3
302,131,adj_Monitor16_ch13,1245.4,WG2,F,W0,R4
303,829,adj_Monitor42_ch3,1244,W422X,F,W0,R2
304,707,adj_Monitor38_ch6,1240.8,KO,M,W0,R4
305,76,adj_Monitor14_ch21,1240.6,W422X,F,W0,R1
306,662,adj_Monitor35_ch2,1238.8,KO,M,W0,R3
307,472,adj_Monitor2_ch15,1238.2,WG2,M,W0,R2
308,236,adj_Monitor1_ch24,1237.6,Y160C,F,W0,R3
309,445,adj_Monitor28_ch17,1236.4,W422X,M,W0,R1
310,537,adj_Monitor31_ch18,1236.4,W422X,M,W0,R4
311,925,adj_Monitor50_ch30,1236.2,W422X,F,W0,R3
312,3,adj_Monitor10_ch12,1235.6,Y160C,F,W0,R4
313,326,adj_Monitor22_ch20,1231.6,KO,F,W0,R1
314,947,adj_Monitor5_ch22,1230.8,WG2,F,W0,R2
315,577,adj_Monitor32_ch26,1230.6,WG2,M,W0,R1
316,971,adj_Monitor6_ch16,1230.2,KO,F,W0,R4
317,804,adj_Monitor41_ch7,1229.8,Y160C,M,W0,R4
318,196,adj_Monitor19_ch15,1229.4,KO,M,W0,R2
319,400,adj_Monitor26_ch31,1229.4,WG2,F,W0,R3
320,151,adj_Monitor16_ch31,1228.8,WG2,F,W0,R4
321,508,adj_Monitor30_ch2,1227.8,Y160C,F,W0,R1
322,129,adj_Monitor16_ch11,1227.2,WG2,F,W0,R4
323,391,adj_Monitor26_ch23,1226.8,WG2,F,W0,R3
324,637,adj_Monitor34_ch26,1226.6,KO,M,W0,R1
325,880,adj_Monitor49_ch19,1226.4,Y160C,M,W0,R2
326,242,adj_Monitor1_ch3,1226,Y160C,F,W0,R3
327,510,adj_Monitor30_ch21,1225.8,Y160C,F,W0,R1
328,664,adj_Monitor35_ch21,1225,KO,M,W0,R3
329,154,adj_Monitor16_ch5,1225,WG2,F,W0,R4
330,717,adj_Monitor39_ch15,1223.8,W422X,M,W0,R2
331,269,adj_Monitor20_ch26,1223,Y160C,M,W0,R1
332,826,adj_Monitor42_ch27,1222.8,W422X,F,W0,R2
333,293,adj_Monitor21_ch2,1222.6,WG2,M,W0,R3
334,545,adj_Monitor31_ch25,1220.8,W422X,M,W0,R4
335,21,adj_Monitor10_ch29,1220,Y160C,F,W0,R4
336,104,adj_Monitor15_ch18,1219.4,Y160C,F,W0,R2
337,749,adj_Monitor3_ch15,1219.2,W422X,M,W0,R3
338,78,adj_Monitor14_ch23,1218.8,W422X,F,W0,R1
339,942,adj_Monitor5_ch18,1218.6,WG2,F,W0,R2
340,429,adj_Monitor27_ch30,1218.6,WG2,M,W0,R4
341,453,adj_Monitor28_ch24,1216.6,W422X,M,W0,R1
342,885,adj_Monitor49_ch23,1216.4,Y160C,M,W0,R2
343,949,adj_Monitor5_ch24,1216.4,WG2,F,W0,R2
344,923,adj_Monitor50_ch29,1216.4,W422X,F,W0,R3
345,255,adj_Monitor20_ch12,1215.6,Y160C,M,W0,R1
346,679,adj_Monitor35_ch8,1215,KO,M,W0,R3
347,105,adj_Monitor15_ch19,1213,Y160C,F,W0,R2
348,394,adj_Monitor26_ch26,1211.4,WG2,F,W0,R3
349,171,adj_Monitor18_ch20,1211,KO,F,W0,R2
350,297,adj_Monitor21_ch23,1210.4,WG2,M,W0,R3
351,214,adj_Monitor19_ch4,1209.8,KO,M,W0,R2
352,81,adj_Monitor14_ch26,1209.2,W422X,F,W0,R1
353,139,adj_Monitor16_ch20,1208.6,WG2,F,W0,R4
354,540,adj_Monitor31_ch20,1208.6,W422X,M,W0,R4
355,658,adj_Monitor35_ch16,1208.6,KO,M,W0,R3
356,711,adj_Monitor39_ch1,1208.6,W422X,M,W0,R2
357,144,adj_Monitor16_ch25,1208.2,WG2,F,W0,R4
358,27,adj_Monitor10_ch6,1207.6,Y160C,F,W0,R4
359,693,adj_Monitor38_ch20,1206.8,KO,M,W0,R4
360,933,adj_Monitor50_ch9,1205.8,W422X,F,W0,R3
361,846,adj_Monitor45_ch16,1205.6,KO,F,W0,R3
362,882,adj_Monitor49_ch20,1204.6,Y160C,M,W0,R2
363,748,adj_Monitor3_ch14,1204.2,W422X,M,W0,R3
364,750,adj_Monitor3_ch16,1204,W422X,M,W0,R3
365,987,adj_Monitor6_ch30,1203.8,KO,F,W0,R4
366,414,adj_Monitor27_ch15,1203.4,WG2,M,W0,R4
367,564,adj_Monitor32_ch14,1200.4,WG2,M,W0,R1
368,60,adj_Monitor11_ch7,1198,W422X,F,W0,R4
369,395,adj_Monitor26_ch27,1197.2,WG2,F,W0,R3
370,238,adj_Monitor1_ch26,1197,Y160C,F,W0,R3
371,960,adj_Monitor5_ch5,1196.8,WG2,F,W0,R2
372,9,adj_Monitor10_ch18,1196.2,Y160C,F,W0,R4
373,79,adj_Monitor14_ch24,1196.2,W422X,F,W0,R1
374,940,adj_Monitor5_ch15,1195.6,WG2,F,W0,R2
375,498,adj_Monitor30_ch1,1195.2,Y160C,F,W0,R1
376,377,adj_Monitor26_ch10,1194.8,WG2,F,W0,R3
377,349,adj_Monitor24_ch13,1194.8,WG2,F,W0,R1
378,128,adj_Monitor16_ch10,1194.6,WG2,F,W0,R4
379,709,adj_Monitor38_ch8,1193.2,KO,M,W0,R4
380,806,adj_Monitor41_ch9,1192.8,Y160C,M,W0,R4
381,45,adj_Monitor11_ch22,1192.8,W422X,F,W0,R4
382,222,adj_Monitor1_ch11,1191.8,Y160C,F,W0,R3
383,624,adj_Monitor34_ch13,1191,KO,M,W0,R1
384,790,adj_Monitor41_ch23,1190.8,Y160C,M,W0,R4
385,31,adj_Monitor11_ch1,1190.4,W422X,F,W0,R4
386,993,adj_Monitor6_ch7,1190.4,KO,F,W0,R4
387,138,adj_Monitor16_ch2,1188.8,WG2,F,W0,R4
388,928,adj_Monitor50_ch4,1187.8,W422X,F,W0,R3
389,912,adj_Monitor50_ch19,1186.2,W422X,F,W0,R3
390,454,adj_Monitor28_ch26,1185.2,W422X,M,W0,R1
391,186,adj_Monitor18_ch5,1184.8,KO,F,W0,R2
392,623,adj_Monitor34_ch11,1183.8,KO,M,W0,R1
393,23,adj_Monitor10_ch30,1183.8,Y160C,F,W0,R4
394,648,adj_Monitor34_ch7,1183,KO,M,W0,R1
395,781,adj_Monitor41_ch15,1181,Y160C,M,W0,R4
396,51,adj_Monitor11_ch28,1179.6,W422X,F,W0,R4
397,770,adj_Monitor3_ch5,1178.4,W422X,M,W0,R3
398,771,adj_Monitor3_ch6,1178.4,W422X,M,W0,R3
399,274,adj_Monitor20_ch31,1178.2,Y160C,M,W0,R1
400,634,adj_Monitor34_ch23,1178,KO,M,W0,R1
401,486,adj_Monitor2_ch28,1176.4,WG2,M,W0,R2
402,644,adj_Monitor34_ch32,1176,KO,M,W0,R1
403,157,adj_Monitor16_ch8,1175.2,WG2,F,W0,R4
404,397,adj_Monitor26_ch29,1174.8,WG2,F,W0,R3
405,6,adj_Monitor10_ch15,1174.6,Y160C,F,W0,R4
406,929,adj_Monitor50_ch5,1173.4,W422X,F,W0,R3
407,796,adj_Monitor41_ch29,1172.6,Y160C,M,W0,R4
408,121,adj_Monitor15_ch4,1172.2,Y160C,F,W0,R2
409,832,adj_Monitor42_ch32,1172.2,W422X,F,W0,R2
410,469,adj_Monitor2_ch11,1171.4,WG2,M,W0,R2
411,811,adj_Monitor42_ch13,1171.4,W422X,F,W0,R2
412,501,adj_Monitor30_ch12,1170.6,Y160C,F,W0,R1
413,417,adj_Monitor27_ch18,1169.6,WG2,M,W0,R4
414,956,adj_Monitor5_ch30,1169.6,WG2,F,W0,R2
415,106,adj_Monitor15_ch2,1168.6,Y160C,F,W0,R2
416,979,adj_Monitor6_ch23,1168,KO,F,W0,R4
417,714,adj_Monitor39_ch12,1165.6,W422X,M,W0,R2
418,647,adj_Monitor34_ch6,1165.2,KO,M,W0,R1
419,968,adj_Monitor6_ch13,1163,KO,F,W0,R4
420,301,adj_Monitor21_ch27,1162.2,WG2,M,W0,R3
421,725,adj_Monitor39_ch22,1161.8,W422X,M,W0,R2
422,514,adj_Monitor30_ch25,1161.4,Y160C,F,W0,R1
423,645,adj_Monitor34_ch4,1160.8,KO,M,W0,R1
424,948,adj_Monitor5_ch23,1160,WG2,F,W0,R2
425,921,adj_Monitor50_ch27,1159.4,W422X,F,W0,R3
426,746,adj_Monitor3_ch12,1159.2,W422X,M,W0,R3
427,655,adj_Monitor35_ch13,1158.6,KO,M,W0,R3
428,34,adj_Monitor11_ch12,1158.6,W422X,F,W0,R4
429,210,adj_Monitor19_ch3,1158.4,KO,M,W0,R2
430,416,adj_Monitor27_ch17,1157.2,WG2,M,W0,R4
431,839,adj_Monitor45_ch1,1156.4,KO,F,W0,R3
432,275,adj_Monitor20_ch32,1155.4,Y160C,M,W0,R1
433,573,adj_Monitor32_ch22,1154.2,WG2,M,W0,R1
434,755,adj_Monitor3_ch20,1153.4,W422X,M,W0,R3
435,966,adj_Monitor6_ch11,1152.4,KO,F,W0,R4
436,421,adj_Monitor27_ch22,1152.2,WG2,M,W0,R4
437,161,adj_Monitor18_ch11,1150.6,KO,F,W0,R2
438,850,adj_Monitor45_ch2,1150.2,KO,F,W0,R3
439,366,adj_Monitor24_ch29,1150.2,WG2,F,W0,R1
440,268,adj_Monitor20_ch25,1149.6,Y160C,M,W0,R1
441,361,adj_Monitor24_ch24,1149.2,WG2,F,W0,R1
442,553,adj_Monitor31_ch4,1148.6,W422X,M,W0,R4
443,550,adj_Monitor31_ch30,1146.4,W422X,M,W0,R4
444,663,adj_Monitor35_ch20,1146,KO,M,W0,R3
445,695,adj_Monitor38_ch22,1145.6,KO,M,W0,R4
446,264,adj_Monitor20_ch20,1145,Y160C,M,W0,R1
447,30,adj_Monitor10_ch9,1144,Y160C,F,W0,R4
448,765,adj_Monitor3_ch3,1143.4,W422X,M,W0,R3
449,430,adj_Monitor27_ch31,1140.8,WG2,M,W0,R4
450,673,adj_Monitor35_ch30,1140.4,KO,M,W0,R3
451,640,adj_Monitor34_ch29,1138,KO,M,W0,R1
452,511,adj_Monitor30_ch22,1137.4,Y160C,F,W0,R1
453,900,adj_Monitor49_ch8,1137.2,Y160C,M,W0,R2
454,480,adj_Monitor2_ch22,1137.2,WG2,M,W0,R2
455,555,adj_Monitor31_ch6,1135.4,W422X,M,W0,R4
456,321,adj_Monitor22_ch16,1135.2,KO,F,W0,R1
457,137,adj_Monitor16_ch19,1134.6,WG2,F,W0,R4
458,580,adj_Monitor32_ch29,1134.6,WG2,M,W0,R1
459,140,adj_Monitor16_ch21,1133.6,WG2,F,W0,R4
460,55,adj_Monitor11_ch31,1133,W422X,F,W0,R4
461,181,adj_Monitor18_ch3,1133,KO,F,W0,R2
462,953,adj_Monitor5_ch28,1131.4,WG2,F,W0,R2
463,374,adj_Monitor24_ch7,1131.2,WG2,F,W0,R1
464,438,adj_Monitor28_ch10,1130.4,W422X,M,W0,R1
465,50,adj_Monitor11_ch27,1130.2,W422X,F,W0,R4
466,531,adj_Monitor31_ch12,1129.4,W422X,M,W0,R4
467,1,adj_Monitor10_ch10,1127.8,Y160C,F,W0,R4
468,754,adj_Monitor3_ch2,1126.8,W422X,M,W0,R3
469,684,adj_Monitor38_ch12,1126.2,KO,M,W0,R4
470,26,adj_Monitor10_ch5,1125.8,Y160C,F,W0,R4
471,345,adj_Monitor22_ch9,1125.2,KO,F,W0,R1
472,782,adj_Monitor41_ch16,1124.2,Y160C,M,W0,R4
473,958,adj_Monitor5_ch32,1123.4,WG2,F,W0,R2
474,343,adj_Monitor22_ch7,1123,KO,F,W0,R1
475,434,adj_Monitor27_ch7,1121.8,WG2,M,W0,R4
476,704,adj_Monitor38_ch31,1120.2,KO,M,W0,R4
477,542,adj_Monitor31_ch22,1119,W422X,M,W0,R4
478,245,adj_Monitor1_ch32,1118,Y160C,F,W0,R3
479,191,adj_Monitor19_ch1,1118,KO,M,W0,R2
480,632,adj_Monitor34_ch20,1118,KO,M,W0,R1
481,821,adj_Monitor42_ch22,1117.4,W422X,F,W0,R2
482,24,adj_Monitor10_ch31,1117,Y160C,F,W0,R4
483,866,adj_Monitor45_ch6,1115.4,KO,F,W0,R3
484,319,adj_Monitor22_ch14,1115.2,KO,F,W0,R1
485,150,adj_Monitor16_ch30,1115,WG2,F,W0,R4
486,64,adj_Monitor14_ch10,1114.4,W422X,F,W0,R1
487,315,adj_Monitor22_ch10,1112.6,KO,F,W0,R1
488,91,adj_Monitor14_ch6,1111.2,W422X,F,W0,R1
489,520,adj_Monitor30_ch30,1110.2,Y160C,F,W0,R1
490,977,adj_Monitor6_ch21,1109,KO,F,W0,R4
491,282,adj_Monitor21_ch1,1108,WG2,M,W0,R3
492,965,adj_Monitor6_ch10,1107.8,KO,F,W0,R4
493,507,adj_Monitor30_ch19,1107.8,Y160C,F,W0,R1
494,335,adj_Monitor22_ch29,1107,KO,F,W0,R1
495,716,adj_Monitor39_ch14,1107,W422X,M,W0,R2
496,158,adj_Monitor16_ch9,1105.8,WG2,F,W0,R4
497,458,adj_Monitor28_ch3,1105.2,W422X,M,W0,R1
498,887,adj_Monitor49_ch25,1103.8,Y160C,M,W0,R2
499,329,adj_Monitor22_ch23,1103.8,KO,F,W0,R1
500,47,adj_Monitor11_ch24,1102.8,W422X,F,W0,R4
501,881,adj_Monitor49_ch2,1102.4,Y160C,M,W0,R2
502,729,adj_Monitor39_ch26,1102.2,W422X,M,W0,R2
503,320,adj_Monitor22_ch15,1101.2,KO,F,W0,R1
504,622,adj_Monitor34_ch10,1099.4,KO,M,W0,R1
505,962,adj_Monitor5_ch7,1098.4,WG2,F,W0,R2
506,378,adj_Monitor26_ch11,1098.4,WG2,F,W0,R3
507,869,adj_Monitor45_ch9,1098.2,KO,F,W0,R3
508,980,adj_Monitor6_ch24,1096.6,KO,F,W0,R4
509,932,adj_Monitor50_ch8,1096,W422X,F,W0,R3
510,973,adj_Monitor6_ch18,1095.6,KO,F,W0,R4
511,515,adj_Monitor30_ch26,1095.4,Y160C,F,W0,R1
512,668,adj_Monitor35_ch26,1095.2,KO,M,W0,R3
513,177,adj_Monitor18_ch26,1094.6,KO,F,W0,R2
514,257,adj_Monitor20_ch14,1094.2,Y160C,M,W0,R1
515,895,adj_Monitor49_ch32,1093,Y160C,M,W0,R2
516,68,adj_Monitor14_ch14,1092.8,W422X,F,W0,R1
517,522,adj_Monitor30_ch32,1092.2,Y160C,F,W0,R1
518,491,adj_Monitor2_ch32,1091.8,WG2,M,W0,R2
519,230,adj_Monitor1_ch19,1091.6,Y160C,F,W0,R3
520,206,adj_Monitor19_ch26,1091.4,KO,M,W0,R2
521,799,adj_Monitor41_ch31,1090.2,Y160C,M,W0,R4
522,989,adj_Monitor6_ch32,1090,KO,F,W0,R4
523,279,adj_Monitor20_ch7,1089.2,Y160C,M,W0,R1
524,344,adj_Monitor22_ch8,1088.8,KO,F,W0,R1
525,408,adj_Monitor27_ch1,1085.8,WG2,M,W0,R4
526,494,adj_Monitor2_ch6,1085.8,WG2,M,W0,R2
527,784,adj_Monitor41_ch18,1081.8,Y160C,M,W0,R4
528,874,adj_Monitor49_ch13,1081.6,Y160C,M,W0,R2
529,656,adj_Monitor35_ch14,1081.6,KO,M,W0,R3
530,358,adj_Monitor24_ch21,1081.4,WG2,F,W0,R1
531,67,adj_Monitor14_ch13,1081,W422X,F,W0,R1
532,592,adj_Monitor33_ch11,1080.6,Y160C,M,W0,R3
533,425,adj_Monitor27_ch26,1078.4,WG2,M,W0,R4
534,599,adj_Monitor33_ch19,1078.4,Y160C,M,W0,R3
535,99,adj_Monitor15_ch13,1078.2,Y160C,F,W0,R2
536,544,adj_Monitor31_ch24,1076.8,W422X,M,W0,R4
537,492,adj_Monitor2_ch4,1076,WG2,M,W0,R2
538,296,adj_Monitor21_ch22,1073.2,WG2,M,W0,R3
539,814,adj_Monitor42_ch16,1073.2,W422X,F,W0,R2
540,775,adj_Monitor41_ch1,1072.2,Y160C,M,W0,R4
541,556,adj_Monitor31_ch7,1071.8,W422X,M,W0,R4
542,851,adj_Monitor45_ch20,1071.8,KO,F,W0,R3
543,509,adj_Monitor30_ch20,1071.8,Y160C,F,W0,R1
544,348,adj_Monitor24_ch12,1071.6,WG2,F,W0,R1
545,674,adj_Monitor35_ch31,1070.8,KO,M,W0,R3
546,265,adj_Monitor20_ch21,1070.6,Y160C,M,W0,R1
547,307,adj_Monitor21_ch32,1070.4,WG2,M,W0,R3
548,926,adj_Monitor50_ch31,1070,W422X,F,W0,R3
549,422,adj_Monitor27_ch23,1069.8,WG2,M,W0,R4
550,227,adj_Monitor1_ch16,1069,Y160C,F,W0,R3
551,252,adj_Monitor20_ch1,1068.8,Y160C,M,W0,R1
552,646,adj_Monitor34_ch5,1068.2,KO,M,W0,R1
553,300,adj_Monitor21_ch26,1067.6,WG2,M,W0,R3
554,934,adj_Monitor5_ch1,1067.4,WG2,F,W0,R2
555,152,adj_Monitor16_ch32,1067.4,WG2,F,W0,R4
556,843,adj_Monitor45_ch13,1067,KO,F,W0,R3
557,173,adj_Monitor18_ch22,1065.6,KO,F,W0,R2
558,813,adj_Monitor42_ch15,1065.6,W422X,F,W0,R2
559,665,adj_Monitor35_ch22,1065.4,KO,M,W0,R3
560,10,adj_Monitor10_ch19,1065.2,Y160C,F,W0,R4
561,202,adj_Monitor19_ch22,1065,KO,M,W0,R2
562,898,adj_Monitor49_ch6,1063.2,Y160C,M,W0,R2
563,705,adj_Monitor38_ch4,1062.4,KO,M,W0,R4
564,543,adj_Monitor31_ch23,1062.2,W422X,M,W0,R4
565,613,adj_Monitor33_ch31,1061.6,Y160C,M,W0,R3
566,546,adj_Monitor31_ch26,1061.4,W422X,M,W0,R4
567,362,adj_Monitor24_ch25,1061.2,WG2,F,W0,R1
568,212,adj_Monitor19_ch31,1060.8,KO,M,W0,R2
569,828,adj_Monitor42_ch29,1060.4,W422X,F,W0,R2
570,160,adj_Monitor18_ch10,1060.2,KO,F,W0,R2
571,256,adj_Monitor20_ch13,1060.2,Y160C,M,W0,R1
572,825,adj_Monitor42_ch26,1059.4,W422X,F,W0,R2
573,333,adj_Monitor22_ch27,1059,KO,F,W0,R1
574,652,adj_Monitor35_ch10,1057.4,KO,M,W0,R3
575,32,adj_Monitor11_ch10,1057.4,W422X,F,W0,R4
576,830,adj_Monitor42_ch30,1056.8,W422X,F,W0,R2
577,603,adj_Monitor33_ch22,1056.8,Y160C,M,W0,R3
578,419,adj_Monitor27_ch20,1055.6,WG2,M,W0,R4
579,856,adj_Monitor45_ch26,1053.6,KO,F,W0,R3
580,654,adj_Monitor35_ch12,1053.2,KO,M,W0,R3
581,470,adj_Monitor2_ch12,1052.8,WG2,M,W0,R2
582,424,adj_Monitor27_ch25,1051.8,WG2,M,W0,R4
583,941,adj_Monitor5_ch16,1048,WG2,F,W0,R2
584,143,adj_Monitor16_ch24,1048,WG2,F,W0,R4
585,521,adj_Monitor30_ch31,1047.8,Y160C,F,W0,R1
586,459,adj_Monitor28_ch31,1047.4,W422X,M,W0,R1
587,412,adj_Monitor27_ch13,1047.4,WG2,M,W0,R4
588,702,adj_Monitor38_ch29,1047.2,KO,M,W0,R4
589,247,adj_Monitor1_ch5,1046.6,Y160C,F,W0,R3
590,380,adj_Monitor26_ch13,1046,WG2,F,W0,R3
591,986,adj_Monitor6_ch3,1045.2,KO,F,W0,R4
592,330,adj_Monitor22_ch24,1043.2,KO,F,W0,R1
593,807,adj_Monitor42_ch1,1042.4,W422X,F,W0,R2
594,209,adj_Monitor19_ch29,1042.4,KO,M,W0,R2
595,292,adj_Monitor21_ch19,1039.8,WG2,M,W0,R3
596,554,adj_Monitor31_ch5,1039.6,W422X,M,W0,R4
597,589,adj_Monitor32_ch9,1039.4,WG2,M,W0,R1
598,113,adj_Monitor15_ch26,1039.2,Y160C,F,W0,R2
599,115,adj_Monitor15_ch28,1039.2,Y160C,F,W0,R2
600,618,adj_Monitor33_ch7,1038,Y160C,M,W0,R3
601,134,adj_Monitor16_ch16,1037.2,WG2,F,W0,R4
602,779,adj_Monitor41_ch13,1036.8,Y160C,M,W0,R4
603,694,adj_Monitor38_ch21,1036.4,KO,M,W0,R4
604,385,adj_Monitor26_ch18,1036,WG2,F,W0,R3
605,190,adj_Monitor18_ch9,1035.4,KO,F,W0,R2
606,248,adj_Monitor1_ch6,1034.6,Y160C,F,W0,R3
607,405,adj_Monitor26_ch7,1034.6,WG2,F,W0,R3
608,643,adj_Monitor34_ch31,1034.2,KO,M,W0,R1
609,970,adj_Monitor6_ch15,1033,KO,F,W0,R4
610,783,adj_Monitor41_ch17,1033,Y160C,M,W0,R4
611,530,adj_Monitor31_ch11,1032,W422X,M,W0,R4
612,164,adj_Monitor18_ch14,1031.2,KO,F,W0,R2
613,837,adj_Monitor42_ch8,1030.4,W422X,F,W0,R2
614,291,adj_Monitor21_ch18,1029,WG2,M,W0,R3
615,444,adj_Monitor28_ch16,1028.4,W422X,M,W0,R1
616,110,adj_Monitor15_ch23,1025.8,Y160C,F,W0,R2
617,284,adj_Monitor21_ch11,1025.2,WG2,M,W0,R3
618,447,adj_Monitor28_ch19,1024,W422X,M,W0,R1
619,681,adj_Monitor38_ch1,1024,KO,M,W0,R4
620,820,adj_Monitor42_ch21,1022.8,W422X,F,W0,R2
621,759,adj_Monitor3_ch24,1022.6,W422X,M,W0,R3
622,118,adj_Monitor15_ch30,1022.2,Y160C,F,W0,R2
623,630,adj_Monitor34_ch19,1021.2,KO,M,W0,R1
624,601,adj_Monitor33_ch20,1018.6,Y160C,M,W0,R3
625,316,adj_Monitor22_ch11,1017.2,KO,F,W0,R1
626,98,adj_Monitor15_ch12,1016.2,Y160C,F,W0,R2
627,182,adj_Monitor18_ch30,1016.2,KO,F,W0,R2
628,70,adj_Monitor14_ch16,1015.8,W422X,F,W0,R1
629,435,adj_Monitor27_ch8,1015.6,WG2,M,W0,R4
630,957,adj_Monitor5_ch31,1015.4,WG2,F,W0,R2
631,657,adj_Monitor35_ch15,1015.4,KO,M,W0,R3
632,215,adj_Monitor19_ch5,1014.6,KO,M,W0,R2
633,327,adj_Monitor22_ch21,1013.2,KO,F,W0,R1
634,145,adj_Monitor16_ch26,1012.4,WG2,F,W0,R4
635,712,adj_Monitor39_ch10,1011.6,W422X,M,W0,R2
636,735,adj_Monitor39_ch31,1009.6,W422X,M,W0,R2
637,607,adj_Monitor33_ch26,1009.2,Y160C,M,W0,R3
638,94,adj_Monitor14_ch9,1008.4,W422X,F,W0,R1
639,753,adj_Monitor3_ch19,1007.2,W422X,M,W0,R3
640,259,adj_Monitor20_ch16,1007.2,Y160C,M,W0,R1
641,183,adj_Monitor18_ch31,1007,KO,F,W0,R2
642,468,adj_Monitor2_ch10,1006.8,WG2,M,W0,R2
643,587,adj_Monitor32_ch7,1006.6,WG2,M,W0,R1
644,590,adj_Monitor33_ch1,1005.6,Y160C,M,W0,R3
645,318,adj_Monitor22_ch13,1005.4,KO,F,W0,R1
646,285,adj_Monitor21_ch12,1005.4,WG2,M,W0,R3
647,884,adj_Monitor49_ch22,1005,Y160C,M,W0,R2
648,125,adj_Monitor15_ch8,1004.8,Y160C,F,W0,R2
649,467,adj_Monitor2_ch1,1004.8,WG2,M,W0,R2
650,404,adj_Monitor26_ch6,1003.2,WG2,F,W0,R3
651,411,adj_Monitor27_ch12,1002.4,WG2,M,W0,R4
652,90,adj_Monitor14_ch5,1002.4,W422X,F,W0,R1
653,276,adj_Monitor20_ch4,1002.4,Y160C,M,W0,R1
654,89,adj_Monitor14_ch4,1001.8,W422X,F,W0,R1
655,581,adj_Monitor32_ch3,1001.6,WG2,M,W0,R1
656,122,adj_Monitor15_ch5,1000.4,Y160C,F,W0,R2
657,795,adj_Monitor41_ch28,1000,Y160C,M,W0,R4
658,845,adj_Monitor45_ch15,999.8,KO,F,W0,R3
659,109,adj_Monitor15_ch22,999.8,Y160C,F,W0,R2
660,615,adj_Monitor33_ch4,998.6,Y160C,M,W0,R3
661,777,adj_Monitor41_ch11,997.6,Y160C,M,W0,R4
662,809,adj_Monitor42_ch11,996.4,W422X,F,W0,R2
663,406,adj_Monitor26_ch8,995,WG2,F,W0,R3
664,914,adj_Monitor50_ch20,994.2,W422X,F,W0,R3
665,598,adj_Monitor33_ch18,993.8,Y160C,M,W0,R3
666,220,adj_Monitor1_ch1,991.8,Y160C,F,W0,R3
667,670,adj_Monitor35_ch28,991.6,KO,M,W0,R3
668,983,adj_Monitor6_ch27,991,KO,F,W0,R4
669,597,adj_Monitor33_ch17,989.8,Y160C,M,W0,R3
670,308,adj_Monitor21_ch4,989.8,WG2,M,W0,R3
671,2,adj_Monitor10_ch11,989.6,Y160C,F,W0,R4
672,975,adj_Monitor6_ch2,989.4,KO,F,W0,R4
673,427,adj_Monitor27_ch29,989,WG2,M,W0,R4
674,877,adj_Monitor49_ch16,988.6,Y160C,M,W0,R2
675,388,adj_Monitor26_ch20,988.6,WG2,F,W0,R3
676,976,adj_Monitor6_ch20,987.6,KO,F,W0,R4
677,984,adj_Monitor6_ch28,987.2,KO,F,W0,R4
678,322,adj_Monitor22_ch17,987,KO,F,W0,R1
679,240,adj_Monitor1_ch28,986.4,Y160C,F,W0,R3
680,174,adj_Monitor18_ch23,986.4,KO,F,W0,R2
681,660,adj_Monitor35_ch18,986,KO,M,W0,R3
682,340,adj_Monitor22_ch4,984.6,KO,F,W0,R1
683,586,adj_Monitor32_ch6,983.8,WG2,M,W0,R1
684,671,adj_Monitor35_ch29,983.6,KO,M,W0,R3
685,165,adj_Monitor18_ch15,983.2,KO,F,W0,R2
686,317,adj_Monitor22_ch12,982.8,KO,F,W0,R1
687,910,adj_Monitor50_ch17,982.6,W422X,F,W0,R3
688,737,adj_Monitor39_ch4,982.2,W422X,M,W0,R2
689,848,adj_Monitor45_ch18,980.6,KO,F,W0,R3
690,896,adj_Monitor49_ch4,980,Y160C,M,W0,R2
691,513,adj_Monitor30_ch24,978.8,Y160C,F,W0,R1
692,163,adj_Monitor18_ch13,978,KO,F,W0,R2
693,403,adj_Monitor26_ch5,978,WG2,F,W0,R3
694,72,adj_Monitor14_ch18,977.8,W422X,F,W0,R1
695,633,adj_Monitor34_ch22,976.4,KO,M,W0,R1
696,990,adj_Monitor6_ch4,975.6,KO,F,W0,R4
697,801,adj_Monitor41_ch4,975.2,Y160C,M,W0,R4
698,324,adj_Monitor22_ch19,975.2,KO,F,W0,R1
699,461,adj_Monitor28_ch4,974,W422X,M,W0,R1
700,861,adj_Monitor45_ch30,972.8,KO,F,W0,R3
701,951,adj_Monitor5_ch26,970.6,WG2,F,W0,R2
702,675,adj_Monitor35_ch32,969.8,KO,M,W0,R3
703,517,adj_Monitor30_ch28,969.6,Y160C,F,W0,R1
704,641,adj_Monitor34_ch3,967.2,KO,M,W0,R1
705,336,adj_Monitor22_ch3,965.2,KO,F,W0,R1
706,107,adj_Monitor15_ch20,965,Y160C,F,W0,R2
707,298,adj_Monitor21_ch24,964.2,WG2,M,W0,R3
708,413,adj_Monitor27_ch14,964,WG2,M,W0,R4
709,959,adj_Monitor5_ch4,963.6,WG2,F,W0,R2
710,376,adj_Monitor26_ch1,961.8,WG2,F,W0,R3
711,967,adj_Monitor6_ch12,961.6,KO,F,W0,R4
712,398,adj_Monitor26_ch3,961.2,WG2,F,W0,R3
713,352,adj_Monitor24_ch16,961,WG2,F,W0,R1
714,355,adj_Monitor24_ch19,960,WG2,F,W0,R1
715,952,adj_Monitor5_ch27,960,WG2,F,W0,R2
716,873,adj_Monitor49_ch12,959.2,Y160C,M,W0,R2
717,549,adj_Monitor31_ch3,958.8,W422X,M,W0,R4
718,365,adj_Monitor24_ch28,958.4,WG2,F,W0,R1
719,706,adj_Monitor38_ch5,957.2,KO,M,W0,R4
720,390,adj_Monitor26_ch22,957,WG2,F,W0,R3
721,179,adj_Monitor18_ch28,957,KO,F,W0,R2
722,192,adj_Monitor19_ch10,955.6,KO,M,W0,R2
723,860,adj_Monitor45_ch3,955,KO,F,W0,R3
724,763,adj_Monitor3_ch28,954.6,W422X,M,W0,R3
725,363,adj_Monitor24_ch26,954.6,WG2,F,W0,R1
726,677,adj_Monitor35_ch6,954.4,KO,M,W0,R3
727,198,adj_Monitor19_ch19,954.4,KO,M,W0,R2
728,505,adj_Monitor30_ch16,954.2,Y160C,F,W0,R1
729,432,adj_Monitor27_ch4,954,WG2,M,W0,R4
730,575,adj_Monitor32_ch24,954,WG2,M,W0,R1
731,149,adj_Monitor16_ch3,953.8,WG2,F,W0,R4
732,332,adj_Monitor22_ch26,953.8,KO,F,W0,R1
733,260,adj_Monitor20_ch17,953.8,Y160C,M,W0,R1
734,683,adj_Monitor38_ch11,953.8,KO,M,W0,R4
735,859,adj_Monitor45_ch29,953.6,KO,F,W0,R3
736,180,adj_Monitor18_ch29,953.4,KO,F,W0,R2
737,199,adj_Monitor19_ch2,952.8,KO,M,W0,R2
738,937,adj_Monitor5_ch12,952.4,WG2,F,W0,R2
739,170,adj_Monitor18_ch2,951.4,KO,F,W0,R2
740,373,adj_Monitor24_ch6,951.2,WG2,F,W0,R1
741,917,adj_Monitor50_ch23,950.8,W422X,F,W0,R3
742,288,adj_Monitor21_ch15,950.2,WG2,M,W0,R3
743,426,adj_Monitor27_ch27,950,WG2,M,W0,R4
744,244,adj_Monitor1_ch31,949.2,Y160C,F,W0,R3
745,338,adj_Monitor22_ch31,947.6,KO,F,W0,R1
746,840,adj_Monitor45_ch10,945.8,KO,F,W0,R3
747,116,adj_Monitor15_ch29,944.8,Y160C,F,W0,R2
748,278,adj_Monitor20_ch6,944.2,Y160C,M,W0,R1
749,504,adj_Monitor30_ch15,943.4,Y160C,F,W0,R1
750,761,adj_Monitor3_ch26,943.2,W422X,M,W0,R3
751,842,adj_Monitor45_ch12,942.8,KO,F,W0,R3
752,609,adj_Monitor33_ch28,942,Y160C,M,W0,R3
753,835,adj_Monitor42_ch6,941.8,W422X,F,W0,R2
754,563,adj_Monitor32_ch13,941.6,WG2,M,W0,R1
755,217,adj_Monitor19_ch7,941.6,KO,M,W0,R2
756,596,adj_Monitor33_ch16,941,Y160C,M,W0,R3
757,760,adj_Monitor3_ch25,939.6,W422X,M,W0,R3
758,889,adj_Monitor49_ch27,938.4,Y160C,M,W0,R2
759,653,adj_Monitor35_ch11,937.8,KO,M,W0,R3
760,890,adj_Monitor49_ch28,936.6,Y160C,M,W0,R2
761,871,adj_Monitor49_ch10,936,Y160C,M,W0,R2
762,642,adj_Monitor34_ch30,935.6,KO,M,W0,R1
763,579,adj_Monitor32_ch28,935,WG2,M,W0,R1
764,756,adj_Monitor3_ch21,933.6,W422X,M,W0,R3
765,788,adj_Monitor41_ch21,932.6,Y160C,M,W0,R4
766,950,adj_Monitor5_ch25,931,WG2,F,W0,R2
767,299,adj_Monitor21_ch25,929,WG2,M,W0,R3
768,337,adj_Monitor22_ch30,927.4,KO,F,W0,R1
769,612,adj_Monitor33_ch30,926.6,Y160C,M,W0,R3
770,369,adj_Monitor24_ch31,925,WG2,F,W0,R1
771,758,adj_Monitor3_ch23,924.2,W422X,M,W0,R3
772,208,adj_Monitor19_ch28,924,KO,M,W0,R2
773,726,adj_Monitor39_ch23,922,W422X,M,W0,R2
774,961,adj_Monitor5_ch6,920,WG2,F,W0,R2
775,65,adj_Monitor14_ch11,919,W422X,F,W0,R1
776,371,adj_Monitor24_ch4,918.4,WG2,F,W0,R1
777,636,adj_Monitor34_ch25,917.8,KO,M,W0,R1
778,449,adj_Monitor28_ch20,917.6,W422X,M,W0,R1
779,608,adj_Monitor33_ch27,917.2,Y160C,M,W0,R3
780,827,adj_Monitor42_ch28,916.8,W422X,F,W0,R2
781,83,adj_Monitor14_ch28,915.6,W422X,F,W0,R1
782,383,adj_Monitor26_ch16,915.6,WG2,F,W0,R3
783,938,adj_Monitor5_ch13,915,WG2,F,W0,R2
784,127,adj_Monitor16_ch1,906.4,WG2,F,W0,R4
785,610,adj_Monitor33_ch29,906.4,Y160C,M,W0,R3
786,328,adj_Monitor22_ch22,904,KO,F,W0,R1
787,981,adj_Monitor6_ch25,902.6,KO,F,W0,R4
788,689,adj_Monitor38_ch17,902.2,KO,M,W0,R4
789,857,adj_Monitor45_ch27,902,KO,F,W0,R3
790,479,adj_Monitor2_ch21,901.8,WG2,M,W0,R2
791,185,adj_Monitor18_ch4,901.6,KO,F,W0,R2
792,216,adj_Monitor19_ch6,901.2,KO,M,W0,R2
793,703,adj_Monitor38_ch30,901.2,KO,M,W0,R4
794,386,adj_Monitor26_ch19,901,WG2,F,W0,R3
795,727,adj_Monitor39_ch24,899.4,W422X,M,W0,R2
796,872,adj_Monitor49_ch11,898.6,Y160C,M,W0,R2
797,96,adj_Monitor15_ch10,898.6,Y160C,F,W0,R2
798,519,adj_Monitor30_ch3,898.6,Y160C,F,W0,R1
799,277,adj_Monitor20_ch5,898.4,Y160C,M,W0,R1
800,356,adj_Monitor24_ch2,896.8,WG2,F,W0,R1
801,66,adj_Monitor14_ch12,896.4,W422X,F,W0,R1
802,591,adj_Monitor33_ch10,895.2,Y160C,M,W0,R3
803,699,adj_Monitor38_ch26,893.8,KO,M,W0,R4
804,794,adj_Monitor41_ch27,893,Y160C,M,W0,R4
805,810,adj_Monitor42_ch12,892.4,W422X,F,W0,R2
806,768,adj_Monitor3_ch32,892,W422X,M,W0,R3
807,478,adj_Monitor2_ch20,890,WG2,M,W0,R2
808,667,adj_Monitor35_ch25,889.2,KO,M,W0,R3
809,74,adj_Monitor14_ch2,889,W422X,F,W0,R1
810,569,adj_Monitor32_ch19,888.6,WG2,M,W0,R1
811,407,adj_Monitor26_ch9,888.2,WG2,F,W0,R3
812,243,adj_Monitor1_ch30,887.6,Y160C,F,W0,R3
813,372,adj_Monitor24_ch5,887.4,WG2,F,W0,R1
814,879,adj_Monitor49_ch18,887.4,Y160C,M,W0,R2
815,578,adj_Monitor32_ch27,887.2,WG2,M,W0,R1
816,701,adj_Monitor38_ch28,886.2,KO,M,W0,R4
817,483,adj_Monitor2_ch25,885.6,WG2,M,W0,R2
818,762,adj_Monitor3_ch27,882.8,W422X,M,W0,R3
819,159,adj_Monitor18_ch1,882,KO,F,W0,R2
820,893,adj_Monitor49_ch30,881.6,Y160C,M,W0,R2
821,772,adj_Monitor3_ch7,880.6,W422X,M,W0,R3
822,743,adj_Monitor3_ch1,880.4,W422X,M,W0,R3
823,433,adj_Monitor27_ch5,879.8,WG2,M,W0,R4
824,381,adj_Monitor26_ch14,879.4,WG2,F,W0,R3
825,39,adj_Monitor11_ch17,877.6,W422X,F,W0,R4
826,819,adj_Monitor42_ch20,877.2,W422X,F,W0,R2
827,568,adj_Monitor32_ch18,876.6,WG2,M,W0,R1
828,692,adj_Monitor38_ch2,876.2,KO,M,W0,R4
829,969,adj_Monitor6_ch14,876,KO,F,W0,R4
830,875,adj_Monitor49_ch14,875,Y160C,M,W0,R2
831,518,adj_Monitor30_ch29,874.8,Y160C,F,W0,R1
832,916,adj_Monitor50_ch22,872.8,W422X,F,W0,R3
833,894,adj_Monitor49_ch31,872.8,Y160C,M,W0,R2
834,818,adj_Monitor42_ch2,871.4,W422X,F,W0,R2
835,401,adj_Monitor26_ch32,870.8,WG2,F,W0,R3
836,387,adj_Monitor26_ch2,868.2,WG2,F,W0,R3
837,69,adj_Monitor14_ch15,867.2,W422X,F,W0,R1
838,878,adj_Monitor49_ch17,867,Y160C,M,W0,R2
839,584,adj_Monitor32_ch4,866.8,WG2,M,W0,R1
840,972,adj_Monitor6_ch17,866.8,KO,F,W0,R4
841,616,adj_Monitor33_ch5,863.8,Y160C,M,W0,R3
842,235,adj_Monitor1_ch23,862.2,Y160C,F,W0,R3
843,364,adj_Monitor24_ch27,859.2,WG2,F,W0,R1
844,499,adj_Monitor30_ch10,858.4,Y160C,F,W0,R1
845,489,adj_Monitor2_ch30,857.4,WG2,M,W0,R2
846,493,adj_Monitor2_ch5,857.4,WG2,M,W0,R2
847,251,adj_Monitor1_ch9,856.6,Y160C,F,W0,R3
848,571,adj_Monitor32_ch20,855.8,WG2,M,W0,R1
849,441,adj_Monitor28_ch13,854.4,W422X,M,W0,R1
850,680,adj_Monitor35_ch9,853.4,KO,M,W0,R3
851,295,adj_Monitor21_ch21,852.6,WG2,M,W0,R3
852,20,adj_Monitor10_ch28,851.8,Y160C,F,W0,R4
853,534,adj_Monitor31_ch15,851,W422X,M,W0,R4
854,379,adj_Monitor26_ch12,851,WG2,F,W0,R3
855,450,adj_Monitor28_ch21,849.8,W422X,M,W0,R1
856,734,adj_Monitor39_ch30,849.2,W422X,M,W0,R2
857,294,adj_Monitor21_ch20,849,WG2,M,W0,R3
858,625,adj_Monitor34_ch14,848.6,KO,M,W0,R1
859,431,adj_Monitor27_ch32,848.4,WG2,M,W0,R4
860,751,adj_Monitor3_ch17,848.4,W422X,M,W0,R3
861,883,adj_Monitor49_ch21,848,Y160C,M,W0,R2
862,778,adj_Monitor41_ch12,847,Y160C,M,W0,R4
863,471,adj_Monitor2_ch13,846.8,WG2,M,W0,R2
864,619,adj_Monitor33_ch8,846.2,Y160C,M,W0,R3
865,698,adj_Monitor38_ch25,845.6,KO,M,W0,R4
866,263,adj_Monitor20_ch2,845.4,Y160C,M,W0,R1
867,341,adj_Monitor22_ch5,845,KO,F,W0,R1
868,924,adj_Monitor50_ch3,844.8,W422X,F,W0,R3
869,15,adj_Monitor10_ch23,844.6,Y160C,F,W0,R4
870,588,adj_Monitor32_ch8,844.2,WG2,M,W0,R1
871,833,adj_Monitor42_ch4,843.8,W422X,F,W0,R2
872,559,adj_Monitor32_ch1,843,WG2,M,W0,R1
873,974,adj_Monitor6_ch19,842.8,KO,F,W0,R4
874,593,adj_Monitor33_ch12,842.4,Y160C,M,W0,R3
875,339,adj_Monitor22_ch32,842.4,KO,F,W0,R1
876,306,adj_Monitor21_ch31,842.2,WG2,M,W0,R3
877,525,adj_Monitor30_ch7,840.6,Y160C,F,W0,R1
878,439,adj_Monitor28_ch11,839.6,W422X,M,W0,R1
879,304,adj_Monitor21_ch3,838.4,WG2,M,W0,R3
880,535,adj_Monitor31_ch16,834.4,W422X,M,W0,R4
881,803,adj_Monitor41_ch6,833.6,Y160C,M,W0,R4
882,484,adj_Monitor2_ch26,833.2,WG2,M,W0,R2
883,824,adj_Monitor42_ch25,832.8,W422X,F,W0,R2
884,526,adj_Monitor30_ch8,832.6,Y160C,F,W0,R1
885,823,adj_Monitor42_ch24,831.8,W422X,F,W0,R2
886,562,adj_Monitor32_ch12,831.6,WG2,M,W0,R1
887,566,adj_Monitor32_ch16,830.8,WG2,M,W0,R1
888,789,adj_Monitor41_ch22,830,Y160C,M,W0,R4
889,423,adj_Monitor27_ch24,829.8,WG2,M,W0,R4
890,147,adj_Monitor16_ch28,829,WG2,F,W0,R4
891,805,adj_Monitor41_ch8,827,Y160C,M,W0,R4
892,787,adj_Monitor41_ch20,827,Y160C,M,W0,R4
893,283,adj_Monitor21_ch10,825.6,WG2,M,W0,R3
894,541,adj_Monitor31_ch21,822.4,W422X,M,W0,R4
895,785,adj_Monitor41_ch19,820.8,Y160C,M,W0,R4
896,108,adj_Monitor15_ch21,820.8,Y160C,F,W0,R2
897,844,adj_Monitor45_ch14,819.2,KO,F,W0,R3
898,446,adj_Monitor28_ch18,819,W422X,M,W0,R1
899,666,adj_Monitor35_ch24,818.2,KO,M,W0,R3
900,876,adj_Monitor49_ch15,816.6,Y160C,M,W0,R2
901,815,adj_Monitor42_ch17,814.6,W422X,F,W0,R2
902,604,adj_Monitor33_ch23,813.8,Y160C,M,W0,R3
903,585,adj_Monitor32_ch5,812.8,WG2,M,W0,R1
904,476,adj_Monitor2_ch19,812.4,WG2,M,W0,R2
905,457,adj_Monitor28_ch29,811.2,W422X,M,W0,R1
906,841,adj_Monitor45_ch11,808.8,KO,F,W0,R3
907,891,adj_Monitor49_ch29,808.2,Y160C,M,W0,R2
908,954,adj_Monitor5_ch29,805.8,WG2,F,W0,R2
909,892,adj_Monitor49_ch3,804.6,Y160C,M,W0,R2
910,773,adj_Monitor3_ch8,802.4,W422X,M,W0,R3
911,576,adj_Monitor32_ch25,801.4,WG2,M,W0,R1
912,466,adj_Monitor28_ch9,801.2,W422X,M,W0,R1
913,776,adj_Monitor41_ch10,791.8,Y160C,M,W0,R4
914,239,adj_Monitor1_ch27,789.4,Y160C,F,W0,R3
915,897,adj_Monitor49_ch5,789.2,Y160C,M,W0,R2
916,271,adj_Monitor20_ch28,788.6,Y160C,M,W0,R1
917,583,adj_Monitor32_ch32,785.6,WG2,M,W0,R1
918,463,adj_Monitor28_ch6,785.2,W422X,M,W0,R1
919,80,adj_Monitor14_ch25,785.2,W422X,F,W0,R1
920,638,adj_Monitor34_ch27,783.8,KO,M,W0,R1
921,817,adj_Monitor42_ch19,782.6,W422X,F,W0,R2
922,101,adj_Monitor15_ch15,781.6,Y160C,F,W0,R2
923,547,adj_Monitor31_ch27,776.4,W422X,M,W0,R4
924,477,adj_Monitor2_ch2,773,WG2,M,W0,R2
925,62,adj_Monitor11_ch9,772.6,W422X,F,W0,R4
926,286,adj_Monitor21_ch13,770.2,WG2,M,W0,R3
927,368,adj_Monitor24_ch30,767.2,WG2,F,W0,R1
928,148,adj_Monitor16_ch29,762.2,WG2,F,W0,R4
929,303,adj_Monitor21_ch29,760.8,WG2,M,W0,R3
930,582,adj_Monitor32_ch31,760.4,WG2,M,W0,R1
931,49,adj_Monitor11_ch26,759.8,W422X,F,W0,R4
932,460,adj_Monitor28_ch32,756.6,W422X,M,W0,R1
933,232,adj_Monitor1_ch20,755.6,Y160C,F,W0,R3
934,936,adj_Monitor5_ch11,754,WG2,F,W0,R2
935,620,adj_Monitor33_ch9,752.4,Y160C,M,W0,R3
936,221,adj_Monitor1_ch10,751.4,Y160C,F,W0,R3
937,594,adj_Monitor33_ch14,751.4,Y160C,M,W0,R3
938,745,adj_Monitor3_ch11,749.6,W422X,M,W0,R3
939,865,adj_Monitor45_ch5,749,KO,F,W0,R3
940,402,adj_Monitor26_ch4,747,WG2,F,W0,R3
941,75,adj_Monitor14_ch20,747,W422X,F,W0,R1
942,793,adj_Monitor41_ch26,744,Y160C,M,W0,R4
943,676,adj_Monitor35_ch5,742.8,KO,M,W0,R3
944,567,adj_Monitor32_ch17,742.6,WG2,M,W0,R1
945,310,adj_Monitor21_ch6,741,WG2,M,W0,R3
946,943,adj_Monitor5_ch19,740.8,WG2,F,W0,R2
947,982,adj_Monitor6_ch26,738.8,KO,F,W0,R4
948,272,adj_Monitor20_ch29,738.4,Y160C,M,W0,R1
949,204,adj_Monitor19_ch24,737.6,KO,M,W0,R2
950,437,adj_Monitor28_ch1,736.2,W422X,M,W0,R1
951,443,adj_Monitor28_ch15,733,W422X,M,W0,R1
952,886,adj_Monitor49_ch24,732.4,Y160C,M,W0,R2
953,888,adj_Monitor49_ch26,727.4,Y160C,M,W0,R2
954,570,adj_Monitor32_ch2,724.8,WG2,M,W0,R1
955,626,adj_Monitor34_ch15,718.4,KO,M,W0,R1
956,465,adj_Monitor28_ch8,717.6,W422X,M,W0,R1
957,384,adj_Monitor26_ch17,717,WG2,F,W0,R3
958,85,adj_Monitor14_ch3,711.6,W422X,F,W0,R1
959,800,adj_Monitor41_ch32,708.6,Y160C,M,W0,R4
960,600,adj_Monitor33_ch2,708,Y160C,M,W0,R3
961,629,adj_Monitor34_ch18,703,KO,M,W0,R1
962,488,adj_Monitor2_ch3,701.6,WG2,M,W0,R2
963,565,adj_Monitor32_ch15,698.2,WG2,M,W0,R1
964,532,adj_Monitor31_ch13,690.2,W422X,M,W0,R4
965,389,adj_Monitor26_ch21,687.4,WG2,F,W0,R3
966,747,adj_Monitor3_ch13,687.2,W422X,M,W0,R3
967,418,adj_Monitor27_ch19,685,WG2,M,W0,R4
968,690,adj_Monitor38_ch18,679.4,KO,M,W0,R4
969,258,adj_Monitor20_ch15,677.4,Y160C,M,W0,R1
970,201,adj_Monitor19_ch21,675.8,KO,M,W0,R2
971,311,adj_Monitor21_ch7,675.4,WG2,M,W0,R3
972,574,adj_Monitor32_ch23,674,WG2,M,W0,R1
973,611,adj_Monitor33_ch3,674,Y160C,M,W0,R3
974,548,adj_Monitor31_ch28,673,W422X,M,W0,R4
975,287,adj_Monitor21_ch14,672,WG2,M,W0,R3
976,133,adj_Monitor16_ch15,661.8,WG2,F,W0,R4
977,602,adj_Monitor33_ch21,661.8,Y160C,M,W0,R3
978,606,adj_Monitor33_ch25,658.4,Y160C,M,W0,R3
979,84,adj_Monitor14_ch29,654.2,W422X,F,W0,R1
980,669,adj_Monitor35_ch27,651.4,KO,M,W0,R3
981,831,adj_Monitor42_ch31,643,W422X,F,W0,R2
982,561,adj_Monitor32_ch11,641.4,WG2,M,W0,R1
983,114,adj_Monitor15_ch27,638.2,Y160C,F,W0,R2
984,399,adj_Monitor26_ch30,638.2,WG2,F,W0,R3
985,919,adj_Monitor50_ch25,637.8,W422X,F,W0,R3
986,482,adj_Monitor2_ch24,635.6,WG2,M,W0,R2
987,92,adj_Monitor14_ch7,613,W422X,F,W0,R1
988,305,adj_Monitor21_ch30,611.6,WG2,M,W0,R3
989,713,adj_Monitor39_ch11,605.4,W422X,M,W0,R2
990,691,adj_Monitor38_ch19,589.4,KO,M,W0,R4
991,392,adj_Monitor26_ch24,585.8,WG2,F,W0,R3
992,854,adj_Monitor45_ch23,585.8,KO,F,W0,R3
993,203,adj_Monitor19_ch23,562,KO,M,W0,R2
994,95,adj_Monitor15_ch1,555,Y160C,F,W0,R2
995,440,adj_Monitor28_ch12,548.2,W422X,M,W0,R1
996,124,adj_Monitor15_ch7,522.2,Y160C,F,W0,R2
997,289,adj_Monitor20_ch31,4652.4,Y160C,F,W3,R3
998,840,adj_Monitor41_ch15,3261.6,W422X,F,W3,R4
999,945,adj_Monitor6_ch25,2954.8,Y160C,F,W3,R1
1000,869,adj_Monitor42_ch12,2931.2,W422X,F,W3,R1
1001,922,adj_Monitor5_ch4,2851.2,W422X,F,W3,R3
1002,659,adj_Monitor34_ch1,2843.2,Y160C,F,W3,R2
1003,117,adj_Monitor14_ch4,2832,W422X,F,W3,R2
1004,328,adj_Monitor22_ch11,2797.2,Y160C,M,W3,R3
1005,627,adj_Monitor33_ch1,2701.8,KO,F,W3,R3
1006,903,adj_Monitor5_ch15,2621.8,W422X,F,W3,R3
1007,220,adj_Monitor19_ch21,2594.8,Y160C,F,W3,R4
1008,283,adj_Monitor20_ch24,2581.6,Y160C,F,W3,R3
1009,296,adj_Monitor21_ch1,2570.4,KO,F,W3,R1
1010,906,adj_Monitor5_ch18,2535.8,W422X,F,W3,R3
1011,687,adj_Monitor34_ch9,2525,Y160C,F,W3,R2
1012,955,adj_Monitor6_ch6,2520.6,Y160C,F,W3,R1
1013,682,adj_Monitor34_ch4,2487.2,Y160C,F,W3,R2
1014,913,adj_Monitor5_ch24,2486.4,W422X,F,W3,R3
1015,319,adj_Monitor21_ch32,2484,KO,F,W3,R1
1016,217,adj_Monitor19_ch19,2460.4,Y160C,F,W3,R4
1017,209,adj_Monitor19_ch11,2437.8,Y160C,F,W3,R4
1018,628,adj_Monitor33_ch10,2407.2,KO,F,W3,R3
1019,542,adj_Monitor30_ch17,2348.2,KO,F,W3,R2
1020,480,adj_Monitor29_ch18,2322.4,WG2,F,W3,R3
1021,880,adj_Monitor42_ch23,2321.2,W422X,F,W3,R1
1022,681,adj_Monitor34_ch32,2305.2,Y160C,F,W3,R2
1023,130,adj_Monitor15_ch16,2285.6,W422X,M,W3,R2
1024,292,adj_Monitor20_ch5,2280.2,Y160C,F,W3,R3
1025,632,adj_Monitor33_ch14,2241,KO,F,W3,R3
1026,466,adj_Monitor28_ch5,2221.4,WG2,F,W3,R2
1027,848,adj_Monitor41_ch22,2199,W422X,F,W3,R4
1028,33,adj_Monitor11_ch10,2188.8,Y160C,M,W3,R1
1029,664,adj_Monitor34_ch16,2178.4,Y160C,F,W3,R2
1030,304,adj_Monitor21_ch19,2178,KO,F,W3,R1
1031,88,adj_Monitor13_ch7,2175.8,KO,F,W3,R4
1032,934,adj_Monitor6_ch15,2173.6,Y160C,F,W3,R1
1033,868,adj_Monitor42_ch11,2170.4,W422X,F,W3,R1
1034,277,adj_Monitor20_ch18,2156.4,Y160C,F,W3,R3
1035,858,adj_Monitor41_ch31,2154.4,W422X,F,W3,R4
1036,79,adj_Monitor13_ch28,2144,KO,F,W3,R4
1037,308,adj_Monitor21_ch22,2139.8,KO,F,W3,R1
1038,935,adj_Monitor6_ch16,2138.8,Y160C,F,W3,R1
1039,316,adj_Monitor21_ch3,2137.2,KO,F,W3,R1
1040,551,adj_Monitor30_ch25,2117.8,KO,F,W3,R2
1041,295,adj_Monitor20_ch9,2109,Y160C,F,W3,R3
1042,311,adj_Monitor21_ch25,2106,KO,F,W3,R1
1043,71,adj_Monitor13_ch20,2103.6,KO,F,W3,R4
1044,778,adj_Monitor3_ch10,2094.4,Y160C,M,W3,R4
1045,284,adj_Monitor20_ch26,2087.2,Y160C,F,W3,R3
1046,279,adj_Monitor20_ch2,2076.8,Y160C,F,W3,R3
1047,891,adj_Monitor42_ch4,2070.2,W422X,F,W3,R1
1048,920,adj_Monitor5_ch31,2068.6,W422X,F,W3,R3
1049,637,adj_Monitor33_ch19,2066,KO,F,W3,R3
1050,95,adj_Monitor14_ch13,2057.2,W422X,F,W3,R2
1051,893,adj_Monitor42_ch6,2052.4,W422X,F,W3,R1
1052,887,adj_Monitor42_ch3,2041.8,W422X,F,W3,R1
1053,946,adj_Monitor6_ch26,2020,Y160C,F,W3,R1
1054,668,adj_Monitor34_ch2,2014.4,Y160C,F,W3,R2
1055,878,adj_Monitor42_ch21,2009,W422X,F,W3,R1
1056,902,adj_Monitor5_ch14,1978.2,W422X,F,W3,R3
1057,75,adj_Monitor13_ch24,1973.6,KO,F,W3,R4
1058,849,adj_Monitor41_ch23,1972.8,W422X,F,W3,R4
1059,428,adj_Monitor27_ch24,1970.2,WG2,M,W3,R1
1060,838,adj_Monitor41_ch13,1966.4,W422X,F,W3,R4
1061,486,adj_Monitor29_ch23,1966.2,WG2,F,W3,R3
1062,170,adj_Monitor16_ch28,1962.8,KO,M,W3,R2
1063,69,adj_Monitor13_ch19,1957.4,KO,F,W3,R4
1064,817,adj_Monitor40_ch2,1957.2,WG2,F,W3,R4
1065,911,adj_Monitor5_ch22,1955.8,W422X,F,W3,R3
1066,556,adj_Monitor30_ch3,1955,KO,F,W3,R2
1067,640,adj_Monitor33_ch21,1942.2,KO,F,W3,R3
1068,549,adj_Monitor30_ch23,1937.2,KO,F,W3,R2
1069,950,adj_Monitor6_ch3,1926.8,Y160C,F,W3,R1
1070,66,adj_Monitor13_ch15,1926.2,KO,F,W3,R4
1071,16,adj_Monitor10_ch24,1914.4,WG2,F,W3,R1
1072,419,adj_Monitor27_ch14,1910.8,WG2,M,W3,R1
1073,540,adj_Monitor30_ch15,1906.2,KO,F,W3,R2
1074,271,adj_Monitor20_ch11,1900.6,Y160C,F,W3,R3
1075,870,adj_Monitor42_ch13,1899.6,W422X,F,W3,R1
1076,667,adj_Monitor34_ch19,1890.8,Y160C,F,W3,R2
1077,472,adj_Monitor29_ch10,1890.4,WG2,F,W3,R3
1078,17,adj_Monitor10_ch25,1886.8,WG2,F,W3,R1
1079,324,adj_Monitor21_ch8,1873.6,KO,F,W3,R1
1080,558,adj_Monitor30_ch31,1872.6,KO,F,W3,R2
1081,309,adj_Monitor21_ch23,1867.6,KO,F,W3,R1
1082,882,adj_Monitor42_ch25,1866.4,W422X,F,W3,R1
1083,886,adj_Monitor42_ch29,1854.8,W422X,F,W3,R1
1084,418,adj_Monitor27_ch13,1845.8,WG2,M,W3,R1
1085,124,adj_Monitor15_ch10,1845.4,W422X,M,W3,R2
1086,160,adj_Monitor16_ch18,1839.8,KO,M,W3,R2
1087,541,adj_Monitor30_ch16,1837.4,KO,F,W3,R2
1088,953,adj_Monitor6_ch4,1836,Y160C,F,W3,R1
1089,896,adj_Monitor42_ch9,1834.8,W422X,F,W3,R1
1090,957,adj_Monitor6_ch8,1828.4,Y160C,F,W3,R1
1091,211,adj_Monitor19_ch13,1826.8,Y160C,F,W3,R4
1092,83,adj_Monitor13_ch31,1825.8,KO,F,W3,R4
1093,19,adj_Monitor10_ch27,1823.2,WG2,F,W3,R1
1094,727,adj_Monitor38_ch2,1816.4,WG2,M,W3,R4
1095,495,adj_Monitor29_ch31,1815.2,WG2,F,W3,R3
1096,322,adj_Monitor21_ch6,1814,KO,F,W3,R1
1097,103,adj_Monitor14_ch20,1809.2,W422X,F,W3,R2
1098,855,adj_Monitor41_ch29,1804.8,W422X,F,W3,R4
1099,64,adj_Monitor13_ch13,1804.8,KO,F,W3,R4
1100,671,adj_Monitor34_ch22,1804,Y160C,F,W3,R2
1101,93,adj_Monitor14_ch11,1801.6,W422X,F,W3,R2
1102,545,adj_Monitor30_ch2,1800.4,KO,F,W3,R2
1103,910,adj_Monitor5_ch21,1791.6,W422X,F,W3,R3
1104,879,adj_Monitor42_ch22,1785.8,W422X,F,W3,R1
1105,451,adj_Monitor28_ch17,1785,WG2,F,W3,R2
1106,298,adj_Monitor21_ch11,1784.6,KO,F,W3,R1
1107,539,adj_Monitor30_ch14,1775.4,KO,F,W3,R2
1108,929,adj_Monitor6_ch10,1771.2,Y160C,F,W3,R1
1109,845,adj_Monitor41_ch2,1769.6,W422X,F,W3,R4
1110,909,adj_Monitor5_ch20,1769,W422X,F,W3,R3
1111,851,adj_Monitor41_ch25,1761.2,W422X,F,W3,R4
1112,820,adj_Monitor40_ch23,1755.2,WG2,F,W3,R4
1113,37,adj_Monitor11_ch14,1738.4,Y160C,M,W3,R1
1114,97,adj_Monitor14_ch15,1738,W422X,F,W3,R2
1115,828,adj_Monitor40_ch30,1726,WG2,F,W3,R4
1116,426,adj_Monitor27_ch21,1725.4,WG2,M,W3,R1
1117,943,adj_Monitor6_ch23,1719.8,Y160C,F,W3,R1
1118,844,adj_Monitor41_ch19,1716,W422X,F,W3,R4
1119,912,adj_Monitor5_ch23,1711.8,W422X,F,W3,R3
1120,660,adj_Monitor34_ch11,1703.2,Y160C,F,W3,R2
1121,834,adj_Monitor41_ch1,1701.6,W422X,F,W3,R4
1122,550,adj_Monitor30_ch24,1689.6,KO,F,W3,R2
1123,54,adj_Monitor11_ch32,1687.8,Y160C,M,W3,R1
1124,47,adj_Monitor11_ch23,1686.4,Y160C,M,W3,R1
1125,233,adj_Monitor19_ch4,1682.8,Y160C,F,W3,R4
1126,15,adj_Monitor10_ch23,1678,WG2,F,W3,R1
1127,305,adj_Monitor21_ch2,1674,KO,F,W3,R1
1128,325,adj_Monitor21_ch9,1672.8,KO,F,W3,R1
1129,244,adj_Monitor1_ch15,1672,W422X,M,W3,R1
1130,288,adj_Monitor20_ch3,1670.4,Y160C,F,W3,R3
1131,470,adj_Monitor28_ch9,1669.6,WG2,F,W3,R2
1132,144,adj_Monitor15_ch31,1667.6,W422X,M,W3,R2
1133,901,adj_Monitor5_ch13,1667.4,W422X,F,W3,R3
1134,787,adj_Monitor3_ch2,1663.4,Y160C,M,W3,R4
1135,791,adj_Monitor3_ch23,1658.6,Y160C,M,W3,R4
1136,629,adj_Monitor33_ch11,1654.6,KO,F,W3,R3
1137,273,adj_Monitor20_ch14,1652.8,Y160C,F,W3,R3
1138,290,adj_Monitor20_ch32,1650.8,Y160C,F,W3,R3
1139,91,adj_Monitor14_ch1,1646.2,W422X,F,W3,R2
1140,884,adj_Monitor42_ch27,1645.2,W422X,F,W3,R1
1141,638,adj_Monitor33_ch2,1640,KO,F,W3,R3
1142,559,adj_Monitor30_ch32,1639.6,KO,F,W3,R2
1143,108,adj_Monitor14_ch25,1634.8,W422X,F,W3,R2
1144,605,adj_Monitor32_ch19,1631.8,KO,M,W3,R4
1145,63,adj_Monitor13_ch12,1628.2,KO,F,W3,R4
1146,563,adj_Monitor30_ch7,1627.6,KO,F,W3,R2
1147,255,adj_Monitor1_ch25,1619,W422X,M,W3,R1
1148,656,adj_Monitor33_ch7,1618.6,KO,F,W3,R3
1149,905,adj_Monitor5_ch17,1612.6,W422X,F,W3,R3
1150,43,adj_Monitor11_ch2,1611.8,Y160C,M,W3,R1
1151,44,adj_Monitor11_ch20,1611,Y160C,M,W3,R1
1152,789,adj_Monitor3_ch21,1608.2,Y160C,M,W3,R4
1153,657,adj_Monitor33_ch8,1605.2,KO,F,W3,R3
1154,538,adj_Monitor30_ch13,1600,KO,F,W3,R2
1155,179,adj_Monitor16_ch7,1599,KO,M,W3,R2
1156,917,adj_Monitor5_ch28,1597,W422X,F,W3,R3
1157,155,adj_Monitor16_ch12,1593,KO,M,W3,R2
1158,634,adj_Monitor33_ch16,1590,KO,F,W3,R3
1159,275,adj_Monitor20_ch16,1588.8,Y160C,F,W3,R3
1160,900,adj_Monitor5_ch12,1585.6,W422X,F,W3,R3
1161,544,adj_Monitor30_ch19,1585,KO,F,W3,R2
1162,121,adj_Monitor14_ch8,1583.8,W422X,F,W3,R2
1163,226,adj_Monitor19_ch27,1582.2,Y160C,F,W3,R4
1164,502,adj_Monitor29_ch9,1580,WG2,F,W3,R3
1165,261,adj_Monitor1_ch31,1579.6,W422X,M,W3,R1
1166,898,adj_Monitor5_ch10,1577.6,W422X,F,W3,R3
1167,122,adj_Monitor14_ch9,1574.8,W422X,F,W3,R2
1168,683,adj_Monitor34_ch5,1573.4,Y160C,F,W3,R2
1169,921,adj_Monitor5_ch32,1571.6,W422X,F,W3,R3
1170,806,adj_Monitor3_ch9,1570.2,Y160C,M,W3,R4
1171,666,adj_Monitor34_ch18,1570.2,Y160C,F,W3,R2
1172,85,adj_Monitor13_ch4,1569.8,KO,F,W3,R4
1173,610,adj_Monitor32_ch23,1569.4,KO,M,W3,R4
1174,881,adj_Monitor42_ch24,1568,W422X,F,W3,R1
1175,871,adj_Monitor42_ch14,1566.6,W422X,F,W3,R1
1176,889,adj_Monitor42_ch31,1566,W422X,F,W3,R1
1177,857,adj_Monitor41_ch30,1565.8,W422X,F,W3,R4
1178,944,adj_Monitor6_ch24,1562.4,Y160C,F,W3,R1
1179,603,adj_Monitor32_ch17,1562.2,KO,M,W3,R4
1180,872,adj_Monitor42_ch16,1557.2,W422X,F,W3,R1
1181,892,adj_Monitor42_ch5,1556.2,W422X,F,W3,R1
1182,648,adj_Monitor33_ch29,1554.4,KO,F,W3,R3
1183,557,adj_Monitor30_ch30,1554.4,KO,F,W3,R2
1184,145,adj_Monitor15_ch32,1553.6,W422X,M,W3,R2
1185,876,adj_Monitor42_ch2,1553,W422X,F,W3,R1
1186,310,adj_Monitor21_ch24,1551.6,KO,F,W3,R1
1187,107,adj_Monitor14_ch24,1550.8,W422X,F,W3,R2
1188,602,adj_Monitor32_ch16,1550.2,KO,M,W3,R4
1189,475,adj_Monitor29_ch13,1550,WG2,F,W3,R3
1190,300,adj_Monitor21_ch15,1548.4,KO,F,W3,R1
1191,168,adj_Monitor16_ch26,1541.8,KO,M,W3,R2
1192,497,adj_Monitor29_ch4,1541,WG2,F,W3,R3
1193,344,adj_Monitor22_ch3,1538.6,Y160C,M,W3,R3
1194,672,adj_Monitor34_ch23,1538,Y160C,F,W3,R2
1195,860,adj_Monitor41_ch4,1538,W422X,F,W3,R4
1196,90,adj_Monitor13_ch9,1535.8,KO,F,W3,R4
1197,496,adj_Monitor29_ch32,1534.8,WG2,F,W3,R3
1198,907,adj_Monitor5_ch19,1533.8,W422X,F,W3,R3
1199,38,adj_Monitor11_ch15,1530.4,Y160C,M,W3,R1
1200,105,adj_Monitor14_ch22,1530.2,W422X,F,W3,R2
1201,841,adj_Monitor41_ch16,1528,W422X,F,W3,R4
1202,651,adj_Monitor33_ch31,1527.4,KO,F,W3,R3
1203,956,adj_Monitor6_ch7,1527.2,Y160C,F,W3,R1
1204,877,adj_Monitor42_ch20,1526.8,W422X,F,W3,R1
1205,11,adj_Monitor10_ch2,1526.6,WG2,F,W3,R1
1206,936,adj_Monitor6_ch17,1526,Y160C,F,W3,R1
1207,27,adj_Monitor10_ch5,1524.8,WG2,F,W3,R1
1208,684,adj_Monitor34_ch6,1519.4,Y160C,F,W3,R2
1209,604,adj_Monitor32_ch18,1517.2,KO,M,W3,R4
1210,919,adj_Monitor5_ch30,1516.2,W422X,F,W3,R3
1211,830,adj_Monitor40_ch4,1512.2,WG2,F,W3,R4
1212,444,adj_Monitor28_ch10,1511,WG2,F,W3,R2
1213,527,adj_Monitor2_ch31,1510.6,W422X,M,W3,R3
1214,153,adj_Monitor16_ch10,1508,KO,M,W3,R2
1215,154,adj_Monitor16_ch11,1507.6,KO,M,W3,R2
1216,210,adj_Monitor19_ch12,1505.8,Y160C,F,W3,R4
1217,939,adj_Monitor6_ch2,1504.2,Y160C,F,W3,R1
1218,846,adj_Monitor41_ch20,1502.8,W422X,F,W3,R4
1219,895,adj_Monitor42_ch8,1502.4,W422X,F,W3,R1
1220,707,adj_Monitor35_ch3,1501.8,KO,M,W3,R1
1221,301,adj_Monitor21_ch16,1500.6,KO,F,W3,R1
1222,803,adj_Monitor3_ch5,1498.6,Y160C,M,W3,R4
1223,214,adj_Monitor19_ch16,1498.2,Y160C,F,W3,R4
1224,642,adj_Monitor33_ch23,1497.8,KO,F,W3,R3
1225,307,adj_Monitor21_ch21,1494.8,KO,F,W3,R1
1226,208,adj_Monitor19_ch10,1491,Y160C,F,W3,R4
1227,119,adj_Monitor14_ch6,1489.2,W422X,F,W3,R2
1228,863,adj_Monitor41_ch7,1485.8,W422X,F,W3,R4
1229,259,adj_Monitor1_ch3,1483.8,W422X,M,W3,R1
1230,318,adj_Monitor21_ch31,1483.2,KO,F,W3,R1
1231,555,adj_Monitor30_ch29,1481.8,KO,F,W3,R2
1232,829,adj_Monitor40_ch31,1481.2,WG2,F,W3,R4
1233,6,adj_Monitor10_ch15,1478.8,WG2,F,W3,R1
1234,172,adj_Monitor16_ch3,1478.8,KO,M,W3,R2
1235,890,adj_Monitor42_ch32,1476.4,W422X,F,W3,R1
1236,954,adj_Monitor6_ch5,1473,Y160C,F,W3,R1
1237,99,adj_Monitor14_ch17,1472.8,W422X,F,W3,R2
1238,453,adj_Monitor28_ch19,1471,WG2,F,W3,R2
1239,165,adj_Monitor16_ch23,1464.6,KO,M,W3,R2
1240,129,adj_Monitor15_ch15,1464,W422X,M,W3,R2
1241,835,adj_Monitor41_ch10,1462.4,W422X,F,W3,R4
1242,933,adj_Monitor6_ch14,1458.2,Y160C,F,W3,R1
1243,850,adj_Monitor41_ch24,1458,W422X,F,W3,R4
1244,231,adj_Monitor19_ch31,1457.4,Y160C,F,W3,R4
1245,147,adj_Monitor15_ch5,1456.8,W422X,M,W3,R2
1246,269,adj_Monitor20_ch1,1454.8,Y160C,F,W3,R3
1247,128,adj_Monitor15_ch14,1453,W422X,M,W3,R2
1248,630,adj_Monitor33_ch12,1450.8,KO,F,W3,R3
1249,562,adj_Monitor30_ch6,1447.8,KO,F,W3,R2
1250,930,adj_Monitor6_ch11,1444,Y160C,F,W3,R1
1251,241,adj_Monitor1_ch12,1442.4,W422X,M,W3,R1
1252,127,adj_Monitor15_ch13,1439.2,W422X,M,W3,R2
1253,788,adj_Monitor3_ch20,1438.6,Y160C,M,W3,R4
1254,836,adj_Monitor41_ch11,1438,W422X,F,W3,R4
1255,422,adj_Monitor27_ch17,1438,WG2,M,W3,R1
1256,883,adj_Monitor42_ch26,1436.6,W422X,F,W3,R1
1257,927,adj_Monitor5_ch9,1434.2,W422X,F,W3,R3
1258,641,adj_Monitor33_ch22,1432.2,KO,F,W3,R3
1259,72,adj_Monitor13_ch21,1431.2,KO,F,W3,R4
1260,923,adj_Monitor5_ch5,1429.2,W422X,F,W3,R3
1261,674,adj_Monitor34_ch26,1428.4,Y160C,F,W3,R2
1262,23,adj_Monitor10_ch30,1427.2,WG2,F,W3,R1
1263,59,adj_Monitor11_ch8,1426.6,Y160C,M,W3,R1
1264,173,adj_Monitor16_ch30,1420.6,KO,M,W3,R2
1265,792,adj_Monitor3_ch24,1413.6,Y160C,M,W3,R4
1266,918,adj_Monitor5_ch29,1413.4,W422X,F,W3,R3
1267,65,adj_Monitor13_ch14,1413.4,KO,F,W3,R4
1268,748,adj_Monitor39_ch12,1413.4,KO,M,W3,R3
1269,207,adj_Monitor19_ch1,1413,Y160C,F,W3,R4
1270,362,adj_Monitor24_ch17,1410.2,Y160C,M,W3,R2
1271,847,adj_Monitor41_ch21,1409,W422X,F,W3,R4
1272,3,adj_Monitor10_ch12,1408,WG2,F,W3,R1
1273,48,adj_Monitor11_ch24,1404.4,Y160C,M,W3,R1
1274,569,adj_Monitor31_ch12,1404.4,W422X,M,W3,R4
1275,560,adj_Monitor30_ch4,1403.8,KO,F,W3,R2
1276,517,adj_Monitor2_ch22,1403.4,W422X,M,W3,R3
1277,536,adj_Monitor30_ch11,1394.2,KO,F,W3,R2
1278,530,adj_Monitor2_ch6,1392,W422X,M,W3,R3
1279,353,adj_Monitor22_ch9,1388.6,Y160C,M,W3,R3
1280,611,adj_Monitor32_ch24,1385.4,KO,M,W3,R4
1281,126,adj_Monitor15_ch12,1385,W422X,M,W3,R2
1282,157,adj_Monitor16_ch15,1384.4,KO,M,W3,R2
1283,500,adj_Monitor29_ch7,1382.6,WG2,F,W3,R3
1284,87,adj_Monitor13_ch6,1381.6,KO,F,W3,R4
1285,677,adj_Monitor34_ch29,1380.2,Y160C,F,W3,R2
1286,813,adj_Monitor40_ch16,1377.2,WG2,F,W3,R4
1287,854,adj_Monitor41_ch28,1375.6,W422X,F,W3,R4
1288,509,adj_Monitor2_ch15,1373.6,W422X,M,W3,R3
1289,70,adj_Monitor13_ch2,1370.6,KO,F,W3,R4
1290,349,adj_Monitor22_ch5,1369,Y160C,M,W3,R3
1291,118,adj_Monitor14_ch5,1367.4,W422X,F,W3,R2
1292,511,adj_Monitor2_ch17,1366.6,W422X,M,W3,R3
1293,798,adj_Monitor3_ch3,1364.2,Y160C,M,W3,R4
1294,474,adj_Monitor29_ch12,1364,WG2,F,W3,R3
1295,115,adj_Monitor14_ch31,1361.6,W422X,F,W3,R2
1296,561,adj_Monitor30_ch5,1357,KO,F,W3,R2
1297,450,adj_Monitor28_ch16,1356.6,WG2,F,W3,R2
1298,302,adj_Monitor21_ch17,1356.6,KO,F,W3,R1
1299,916,adj_Monitor5_ch27,1352.6,W422X,F,W3,R3
1300,159,adj_Monitor16_ch17,1352.4,KO,M,W3,R2
1301,321,adj_Monitor21_ch5,1350.8,KO,F,W3,R1
1302,874,adj_Monitor42_ch18,1350.4,W422X,F,W3,R1
1303,265,adj_Monitor1_ch6,1349.6,W422X,M,W3,R1
1304,873,adj_Monitor42_ch17,1348.6,W422X,F,W3,R1
1305,859,adj_Monitor41_ch32,1348.2,W422X,F,W3,R4
1306,625,adj_Monitor32_ch8,1343,KO,M,W3,R4
1307,498,adj_Monitor29_ch5,1337.4,WG2,F,W3,R3
1308,548,adj_Monitor30_ch22,1337.4,KO,F,W3,R2
1309,350,adj_Monitor22_ch6,1336.4,Y160C,M,W3,R3
1310,675,adj_Monitor34_ch27,1334.4,Y160C,F,W3,R2
1311,801,adj_Monitor3_ch32,1331.6,Y160C,M,W3,R4
1312,924,adj_Monitor5_ch6,1331.4,W422X,F,W3,R3
1313,947,adj_Monitor6_ch27,1330.6,Y160C,F,W3,R1
1314,865,adj_Monitor41_ch9,1330.2,W422X,F,W3,R4
1315,338,adj_Monitor22_ch22,1329.6,Y160C,M,W3,R3
1316,188,adj_Monitor18_ch17,1328.2,WG2,M,W3,R3
1317,254,adj_Monitor1_ch24,1327.8,W422X,M,W3,R1
1318,853,adj_Monitor41_ch27,1326.4,W422X,F,W3,R4
1319,339,adj_Monitor22_ch23,1324.4,Y160C,M,W3,R3
1320,914,adj_Monitor5_ch25,1323.6,W422X,F,W3,R3
1321,169,adj_Monitor16_ch27,1322.2,KO,M,W3,R2
1322,832,adj_Monitor40_ch7,1321.2,WG2,F,W3,R4
1323,645,adj_Monitor33_ch26,1320.8,KO,F,W3,R3
1324,57,adj_Monitor11_ch6,1318.6,Y160C,M,W3,R1
1325,182,adj_Monitor18_ch10,1315.6,WG2,M,W3,R3
1326,276,adj_Monitor20_ch17,1313.6,Y160C,F,W3,R3
1327,532,adj_Monitor2_ch8,1313.4,W422X,M,W3,R3
1328,421,adj_Monitor27_ch16,1307.2,WG2,M,W3,R1
1329,856,adj_Monitor41_ch3,1306.6,W422X,F,W3,R4
1330,455,adj_Monitor28_ch21,1306.2,WG2,F,W3,R2
1331,41,adj_Monitor11_ch18,1306.2,Y160C,M,W3,R1
1332,81,adj_Monitor13_ch3,1305.8,KO,F,W3,R4
1333,843,adj_Monitor41_ch18,1305.8,W422X,F,W3,R4
1334,178,adj_Monitor16_ch6,1305.2,KO,M,W3,R2
1335,315,adj_Monitor21_ch29,1304.4,KO,F,W3,R1
1336,478,adj_Monitor29_ch16,1302.8,WG2,F,W3,R3
1337,62,adj_Monitor13_ch11,1302.4,KO,F,W3,R4
1338,106,adj_Monitor14_ch23,1302,W422X,F,W3,R2
1339,471,adj_Monitor29_ch1,1297.6,WG2,F,W3,R3
1340,663,adj_Monitor34_ch15,1295.6,Y160C,F,W3,R2
1341,282,adj_Monitor20_ch23,1294.8,Y160C,F,W3,R3
1342,76,adj_Monitor13_ch25,1294.4,KO,F,W3,R4
1343,61,adj_Monitor13_ch10,1290.2,KO,F,W3,R4
1344,894,adj_Monitor42_ch7,1289.4,W422X,F,W3,R1
1345,333,adj_Monitor22_ch18,1287,Y160C,M,W3,R3
1346,580,adj_Monitor31_ch23,1283.4,W422X,M,W3,R4
1347,77,adj_Monitor13_ch26,1276.4,KO,F,W3,R4
1348,116,adj_Monitor14_ch32,1274.6,W422X,F,W3,R2
1349,34,adj_Monitor11_ch11,1274.4,Y160C,M,W3,R1
1350,499,adj_Monitor29_ch6,1273.8,WG2,F,W3,R3
1351,564,adj_Monitor30_ch8,1273.4,KO,F,W3,R2
1352,213,adj_Monitor19_ch15,1272.8,Y160C,F,W3,R4
1353,58,adj_Monitor11_ch7,1272.6,Y160C,M,W3,R1
1354,224,adj_Monitor19_ch25,1270.4,Y160C,F,W3,R4
1355,482,adj_Monitor29_ch2,1266.4,WG2,F,W3,R3
1356,543,adj_Monitor30_ch18,1265.2,KO,F,W3,R2
1357,575,adj_Monitor31_ch18,1264.6,W422X,M,W3,R4
1358,334,adj_Monitor22_ch19,1262,Y160C,M,W3,R3
1359,175,adj_Monitor16_ch32,1261.4,KO,M,W3,R2
1360,320,adj_Monitor21_ch4,1259.4,KO,F,W3,R1
1361,369,adj_Monitor24_ch24,1258.4,Y160C,M,W3,R2
1362,553,adj_Monitor30_ch27,1257,KO,F,W3,R2
1363,248,adj_Monitor1_ch19,1255.2,W422X,M,W3,R1
1364,184,adj_Monitor18_ch12,1252.8,WG2,M,W3,R3
1365,621,adj_Monitor32_ch4,1250.2,KO,M,W3,R4
1366,335,adj_Monitor22_ch2,1249.2,Y160C,M,W3,R3
1367,904,adj_Monitor5_ch16,1246.4,W422X,F,W3,R3
1368,55,adj_Monitor11_ch4,1246,Y160C,M,W3,R1
1369,218,adj_Monitor19_ch2,1246,Y160C,F,W3,R4
1370,662,adj_Monitor34_ch13,1245.4,Y160C,F,W3,R2
1371,578,adj_Monitor31_ch21,1243.4,W422X,M,W3,R4
1372,477,adj_Monitor29_ch15,1241.4,WG2,F,W3,R3
1373,206,adj_Monitor18_ch9,1239.6,WG2,M,W3,R3
1374,249,adj_Monitor1_ch2,1239,W422X,M,W3,R1
1375,888,adj_Monitor42_ch30,1238.6,W422X,F,W3,R1
1376,314,adj_Monitor21_ch28,1235.8,KO,F,W3,R1
1377,531,adj_Monitor2_ch7,1232.8,W422X,M,W3,R3
1378,864,adj_Monitor41_ch8,1230.6,W422X,F,W3,R4
1379,937,adj_Monitor6_ch18,1228,Y160C,F,W3,R1
1380,658,adj_Monitor33_ch9,1226.8,KO,F,W3,R3
1381,94,adj_Monitor14_ch12,1224,W422X,F,W3,R2
1382,373,adj_Monitor24_ch28,1223.4,Y160C,M,W3,R2
1383,25,adj_Monitor10_ch32,1220.6,WG2,F,W3,R1
1384,0,adj_Monitor10_ch1,1219.8,WG2,F,W3,R1
1385,313,adj_Monitor21_ch27,1219.2,KO,F,W3,R1
1386,867,adj_Monitor42_ch10,1216.6,W422X,F,W3,R1
1387,732,adj_Monitor38_ch25,1212.8,WG2,M,W3,R4
1388,699,adj_Monitor35_ch21,1211.4,KO,M,W3,R1
1389,473,adj_Monitor29_ch11,1208.6,WG2,F,W3,R3
1390,243,adj_Monitor1_ch14,1207.6,W422X,M,W3,R1
1391,958,adj_Monitor6_ch9,1205.4,Y160C,F,W3,R1
1392,785,adj_Monitor3_ch18,1205.2,Y160C,M,W3,R4
1393,581,adj_Monitor31_ch24,1204.8,W422X,M,W3,R4
1394,635,adj_Monitor33_ch17,1204.2,KO,F,W3,R3
1395,53,adj_Monitor11_ch29,1203.6,Y160C,M,W3,R1
1396,345,adj_Monitor22_ch30,1202.4,Y160C,M,W3,R3
1397,149,adj_Monitor15_ch7,1202.2,W422X,M,W3,R2
1398,230,adj_Monitor19_ch30,1201.6,Y160C,F,W3,R4
1399,839,adj_Monitor41_ch14,1198,W422X,F,W3,R4
1400,414,adj_Monitor26_ch9,1196.8,WG2,M,W3,R2
1401,885,adj_Monitor42_ch28,1195.8,W422X,F,W3,R1
1402,73,adj_Monitor13_ch22,1192.2,KO,F,W3,R4
1403,494,adj_Monitor29_ch30,1192,WG2,F,W3,R3
1404,125,adj_Monitor15_ch11,1192,W422X,M,W3,R2
1405,866,adj_Monitor42_ch1,1187,W422X,F,W3,R1
1406,833,adj_Monitor40_ch9,1185.4,WG2,F,W3,R4
1407,31,adj_Monitor10_ch9,1185.4,WG2,F,W3,R1
1408,156,adj_Monitor16_ch14,1183.8,KO,M,W3,R2
1409,39,adj_Monitor11_ch16,1181.6,Y160C,M,W3,R1
1410,98,adj_Monitor14_ch16,1181,W422X,F,W3,R2
1411,808,adj_Monitor40_ch10,1179.6,WG2,F,W3,R4
1412,367,adj_Monitor24_ch22,1179.2,Y160C,M,W3,R2
1413,650,adj_Monitor33_ch30,1179.2,KO,F,W3,R3
1414,232,adj_Monitor19_ch32,1176.6,Y160C,F,W3,R4
1415,13,adj_Monitor10_ch21,1174.8,WG2,F,W3,R1
1416,620,adj_Monitor32_ch32,1174,KO,M,W3,R4
1417,439,adj_Monitor27_ch5,1173.4,WG2,M,W3,R1
1418,725,adj_Monitor38_ch18,1173,WG2,M,W3,R4
1419,618,adj_Monitor32_ch30,1171.8,KO,M,W3,R4
1420,201,adj_Monitor18_ch32,1171,WG2,M,W3,R3
1421,387,adj_Monitor26_ch11,1168.8,WG2,M,W3,R2
1422,800,adj_Monitor3_ch31,1167.8,Y160C,M,W3,R4
1423,837,adj_Monitor41_ch12,1167.4,W422X,F,W3,R4
1424,35,adj_Monitor11_ch12,1167,Y160C,M,W3,R1
1425,952,adj_Monitor6_ch31,1166.4,Y160C,F,W3,R1
1426,510,adj_Monitor2_ch16,1164.8,W422X,M,W3,R3
1427,636,adj_Monitor33_ch18,1163,KO,F,W3,R3
1428,445,adj_Monitor28_ch11,1162.6,WG2,F,W3,R2
1429,278,adj_Monitor20_ch19,1162.2,Y160C,F,W3,R3
1430,312,adj_Monitor21_ch26,1161.6,KO,F,W3,R1
1431,942,adj_Monitor6_ch22,1157,Y160C,F,W3,R1
1432,215,adj_Monitor19_ch17,1156.4,Y160C,F,W3,R4
1433,359,adj_Monitor24_ch14,1155.2,Y160C,M,W3,R2
1434,915,adj_Monitor5_ch26,1152.4,W422X,F,W3,R3
1435,187,adj_Monitor18_ch16,1151.4,WG2,M,W3,R3
1436,777,adj_Monitor3_ch1,1150.4,Y160C,M,W3,R4
1437,268,adj_Monitor1_ch9,1148.6,W422X,M,W3,R1
1438,222,adj_Monitor19_ch23,1147.2,Y160C,F,W3,R4
1439,216,adj_Monitor19_ch18,1147,Y160C,F,W3,R4
1440,465,adj_Monitor28_ch4,1146.4,WG2,F,W3,R2
1441,926,adj_Monitor5_ch8,1144.6,W422X,F,W3,R3
1442,440,adj_Monitor27_ch6,1143.8,WG2,M,W3,R1
1443,899,adj_Monitor5_ch11,1143,W422X,F,W3,R3
1444,513,adj_Monitor2_ch19,1143,W422X,M,W3,R3
1445,686,adj_Monitor34_ch8,1140.4,Y160C,F,W3,R2
1446,925,adj_Monitor5_ch7,1140.2,W422X,F,W3,R3
1447,247,adj_Monitor1_ch18,1138.6,W422X,M,W3,R1
1448,783,adj_Monitor3_ch16,1133,Y160C,M,W3,R4
1449,643,adj_Monitor33_ch24,1132.2,KO,F,W3,R3
1450,823,adj_Monitor40_ch26,1131.8,WG2,F,W3,R4
1451,654,adj_Monitor33_ch5,1131.4,KO,F,W3,R3
1452,689,adj_Monitor35_ch10,1130.8,KO,M,W3,R1
1453,535,adj_Monitor30_ch10,1128,KO,F,W3,R2
1454,270,adj_Monitor20_ch10,1127.8,Y160C,F,W3,R3
1455,32,adj_Monitor11_ch1,1126,Y160C,M,W3,R1
1456,606,adj_Monitor32_ch2,1125.4,KO,M,W3,R4
1457,291,adj_Monitor20_ch4,1125.2,Y160C,F,W3,R3
1458,448,adj_Monitor28_ch14,1124.8,WG2,F,W3,R2
1459,238,adj_Monitor1_ch1,1124.2,W422X,M,W3,R1
1460,661,adj_Monitor34_ch12,1123.4,Y160C,F,W3,R2
1461,574,adj_Monitor31_ch17,1121.4,W422X,M,W3,R4
1462,96,adj_Monitor14_ch14,1120.6,W422X,F,W3,R2
1463,131,adj_Monitor15_ch17,1120.2,W422X,M,W3,R2
1464,372,adj_Monitor24_ch27,1120,Y160C,M,W3,R2
1465,447,adj_Monitor28_ch13,1119.4,WG2,F,W3,R2
1466,251,adj_Monitor1_ch21,1118.6,W422X,M,W3,R1
1467,617,adj_Monitor32_ch3,1118.2,KO,M,W3,R4
1468,67,adj_Monitor13_ch17,1118,KO,F,W3,R4
1469,234,adj_Monitor19_ch5,1116.6,Y160C,F,W3,R4
1470,609,adj_Monitor32_ch22,1116,KO,M,W3,R4
1471,599,adj_Monitor32_ch13,1114.2,KO,M,W3,R4
1472,537,adj_Monitor30_ch12,1114.2,KO,F,W3,R2
1473,644,adj_Monitor33_ch25,1113.4,KO,F,W3,R3
1474,101,adj_Monitor14_ch19,1112.4,W422X,F,W3,R2
1475,174,adj_Monitor16_ch31,1111.8,KO,M,W3,R2
1476,102,adj_Monitor14_ch2,1111.4,W422X,F,W3,R2
1477,573,adj_Monitor31_ch16,1111.2,W422X,M,W3,R4
1478,751,adj_Monitor39_ch15,1107.8,KO,M,W3,R3
1479,361,adj_Monitor24_ch16,1107.2,Y160C,M,W3,R2
1480,516,adj_Monitor2_ch21,1107,W422X,M,W3,R3
1481,779,adj_Monitor3_ch11,1104.8,Y160C,M,W3,R4
1482,743,adj_Monitor38_ch7,1103.8,WG2,M,W3,R4
1483,84,adj_Monitor13_ch32,1103.6,KO,F,W3,R4
1484,585,adj_Monitor31_ch29,1102.4,W422X,M,W3,R4
1485,582,adj_Monitor31_ch25,1101,W422X,M,W3,R4
1486,260,adj_Monitor1_ch30,1100,W422X,M,W3,R1
1487,36,adj_Monitor11_ch13,1097.4,Y160C,M,W3,R1
1488,436,adj_Monitor27_ch31,1096.4,WG2,M,W3,R1
1489,697,adj_Monitor35_ch2,1094.4,KO,M,W3,R1
1490,435,adj_Monitor27_ch30,1093.8,WG2,M,W3,R1
1491,515,adj_Monitor2_ch20,1091.8,W422X,M,W3,R3
1492,546,adj_Monitor30_ch20,1088,KO,F,W3,R2
1493,100,adj_Monitor14_ch18,1087.4,W422X,F,W3,R2
1494,434,adj_Monitor27_ch3,1087.2,WG2,M,W3,R1
1495,633,adj_Monitor33_ch15,1085.6,KO,F,W3,R3
1496,655,adj_Monitor33_ch6,1085,KO,F,W3,R3
1497,74,adj_Monitor13_ch23,1084.8,KO,F,W3,R4
1498,702,adj_Monitor35_ch25,1084.6,KO,M,W3,R1
1499,252,adj_Monitor1_ch22,1083.6,W422X,M,W3,R1
1500,140,adj_Monitor15_ch28,1079.8,W422X,M,W3,R2
1501,358,adj_Monitor24_ch13,1076.8,Y160C,M,W3,R2
1502,22,adj_Monitor10_ch3,1076.6,WG2,F,W3,R1
1503,411,adj_Monitor26_ch6,1075.4,WG2,M,W3,R2
1504,782,adj_Monitor3_ch15,1072.6,Y160C,M,W3,R4
1505,80,adj_Monitor13_ch29,1071.6,KO,F,W3,R4
1506,342,adj_Monitor22_ch27,1068.8,Y160C,M,W3,R3
1507,484,adj_Monitor29_ch21,1068.8,WG2,F,W3,R3
1508,680,adj_Monitor34_ch31,1068.4,Y160C,F,W3,R2
1509,612,adj_Monitor32_ch25,1064.2,KO,M,W3,R4
1510,476,adj_Monitor29_ch14,1064,WG2,F,W3,R3
1511,928,adj_Monitor6_ch1,1063.4,Y160C,F,W3,R1
1512,696,adj_Monitor35_ch18,1063.2,KO,M,W3,R1
1513,861,adj_Monitor41_ch5,1063,W422X,F,W3,R4
1514,7,adj_Monitor10_ch16,1062.4,WG2,F,W3,R1
1515,614,adj_Monitor32_ch27,1061,KO,M,W3,R4
1516,60,adj_Monitor13_ch1,1060.6,KO,F,W3,R4
1517,753,adj_Monitor39_ch17,1060.2,KO,M,W3,R3
1518,781,adj_Monitor3_ch13,1060.2,Y160C,M,W3,R4
1519,738,adj_Monitor38_ch31,1059.4,WG2,M,W3,R4
1520,646,adj_Monitor33_ch27,1059.2,KO,F,W3,R3
1521,392,adj_Monitor26_ch17,1057.4,WG2,M,W3,R2
1522,793,adj_Monitor3_ch25,1057.4,Y160C,M,W3,R4
1523,577,adj_Monitor31_ch20,1057.2,W422X,M,W3,R4
1524,842,adj_Monitor41_ch17,1055.4,W422X,F,W3,R4
1525,281,adj_Monitor20_ch22,1053.6,Y160C,F,W3,R3
1526,547,adj_Monitor30_ch21,1052.6,KO,F,W3,R2
1527,461,adj_Monitor28_ch3,1052.4,WG2,F,W3,R2
1528,624,adj_Monitor32_ch7,1051.6,KO,M,W3,R4
1529,608,adj_Monitor32_ch21,1046.8,KO,M,W3,R4
1530,571,adj_Monitor31_ch14,1046.4,W422X,M,W3,R4
1531,235,adj_Monitor19_ch6,1044.4,Y160C,F,W3,R4
1532,438,adj_Monitor27_ch4,1044.2,WG2,M,W3,R1
1533,673,adj_Monitor34_ch25,1042.4,Y160C,F,W3,R2
1534,109,adj_Monitor14_ch26,1041.8,W422X,F,W3,R2
1535,402,adj_Monitor26_ch27,1041.8,WG2,M,W3,R2
1536,379,adj_Monitor24_ch4,1041.6,Y160C,M,W3,R2
1537,775,adj_Monitor39_ch8,1038.6,KO,M,W3,R3
1538,375,adj_Monitor24_ch3,1037.2,Y160C,M,W3,R2
1539,652,adj_Monitor33_ch32,1036.6,KO,F,W3,R3
1540,294,adj_Monitor20_ch8,1034.8,Y160C,F,W3,R3
1541,5,adj_Monitor10_ch14,1034.4,WG2,F,W3,R1
1542,166,adj_Monitor16_ch24,1031.6,KO,M,W3,R2
1543,764,adj_Monitor39_ch27,1030.4,KO,M,W3,R3
1544,631,adj_Monitor33_ch13,1028.8,KO,F,W3,R3
1545,485,adj_Monitor29_ch22,1028.6,WG2,F,W3,R3
1546,807,adj_Monitor40_ch1,1028.4,WG2,F,W3,R4
1547,420,adj_Monitor27_ch15,1026.8,WG2,M,W3,R1
1548,710,adj_Monitor35_ch32,1026,KO,M,W3,R1
1549,467,adj_Monitor28_ch6,1026,WG2,F,W3,R2
1550,340,adj_Monitor22_ch24,1022,Y160C,M,W3,R3
1551,28,adj_Monitor10_ch6,1022,WG2,F,W3,R1
1552,323,adj_Monitor21_ch7,1020.6,KO,F,W3,R1
1553,623,adj_Monitor32_ch6,1020.4,KO,M,W3,R4
1554,875,adj_Monitor42_ch19,1020,W422X,F,W3,R1
1555,120,adj_Monitor14_ch7,1018.8,W422X,F,W3,R2
1556,317,adj_Monitor21_ch30,1018.2,KO,F,W3,R1
1557,167,adj_Monitor16_ch25,1018,KO,M,W3,R2
1558,774,adj_Monitor39_ch7,1016.6,KO,M,W3,R3
1559,711,adj_Monitor35_ch4,1013.2,KO,M,W3,R1
1560,722,adj_Monitor38_ch15,1012.8,WG2,M,W3,R4
1561,395,adj_Monitor26_ch20,1011.2,WG2,M,W3,R2
1562,552,adj_Monitor30_ch26,1010.4,KO,F,W3,R2
1563,701,adj_Monitor35_ch23,1009,KO,M,W3,R1
1564,104,adj_Monitor14_ch21,1007.8,W422X,F,W3,R2
1565,236,adj_Monitor19_ch7,1007,Y160C,F,W3,R4
1566,442,adj_Monitor27_ch8,1006.6,WG2,M,W3,R1
1567,776,adj_Monitor39_ch9,1005,KO,M,W3,R3
1568,272,adj_Monitor20_ch13,1003.6,Y160C,F,W3,R3
1569,297,adj_Monitor21_ch10,1003,KO,F,W3,R1
1570,429,adj_Monitor27_ch25,1002.2,WG2,M,W3,R1
1571,141,adj_Monitor15_ch29,1001.4,W422X,M,W3,R2
1572,9,adj_Monitor10_ch18,999.4,WG2,F,W3,R1
1573,287,adj_Monitor20_ch29,998.2,Y160C,F,W3,R3
1574,256,adj_Monitor1_ch27,995.4,W422X,M,W3,R1
1575,703,adj_Monitor35_ch26,995,KO,M,W3,R1
1576,897,adj_Monitor5_ch1,994.8,W422X,F,W3,R3
1577,246,adj_Monitor1_ch17,993.2,W422X,M,W3,R1
1578,354,adj_Monitor24_ch1,993,Y160C,M,W3,R2
1579,570,adj_Monitor31_ch13,989.4,W422X,M,W3,R4
1580,110,adj_Monitor14_ch27,987.8,W422X,F,W3,R2
1581,26,adj_Monitor10_ch4,986.2,WG2,F,W3,R1
1582,306,adj_Monitor21_ch20,982.8,KO,F,W3,R1
1583,253,adj_Monitor1_ch23,982,W422X,M,W3,R1
1584,908,adj_Monitor5_ch2,981.8,W422X,F,W3,R3
1585,329,adj_Monitor22_ch14,979.4,Y160C,M,W3,R3
1586,360,adj_Monitor24_ch15,973.6,Y160C,M,W3,R2
1587,1,adj_Monitor10_ch10,973.2,WG2,F,W3,R1
1588,352,adj_Monitor22_ch8,971.8,Y160C,M,W3,R3
1589,593,adj_Monitor31_ch8,971,W422X,M,W3,R4
1590,739,adj_Monitor38_ch32,970.4,WG2,M,W3,R4
1591,89,adj_Monitor13_ch8,969.8,KO,F,W3,R4
1592,303,adj_Monitor21_ch18,967.6,KO,F,W3,R1
1593,941,adj_Monitor6_ch21,967.2,Y160C,F,W3,R1
1594,52,adj_Monitor11_ch28,967,Y160C,M,W3,R1
1595,790,adj_Monitor3_ch22,966.8,Y160C,M,W3,R4
1596,523,adj_Monitor2_ch28,966,W422X,M,W3,R3
1597,204,adj_Monitor18_ch7,963.6,WG2,M,W3,R3
1598,649,adj_Monitor33_ch3,962,KO,F,W3,R3
1599,423,adj_Monitor27_ch18,961.8,WG2,M,W3,R1
1600,797,adj_Monitor3_ch29,961.6,Y160C,M,W3,R4
1601,413,adj_Monitor26_ch8,960.4,WG2,M,W3,R2
1602,49,adj_Monitor11_ch25,959.2,Y160C,M,W3,R1
1603,12,adj_Monitor10_ch20,959.2,WG2,F,W3,R1
1604,932,adj_Monitor6_ch13,959.2,Y160C,F,W3,R1
1605,773,adj_Monitor39_ch6,957.6,KO,M,W3,R3
1606,690,adj_Monitor35_ch11,957,KO,M,W3,R1
1607,221,adj_Monitor19_ch22,953.6,Y160C,F,W3,R4
1608,653,adj_Monitor33_ch4,953,KO,F,W3,R3
1609,700,adj_Monitor35_ch22,949.8,KO,M,W3,R1
1610,164,adj_Monitor16_ch22,949.2,KO,M,W3,R2
1611,299,adj_Monitor21_ch14,948.2,KO,F,W3,R1
1612,401,adj_Monitor26_ch26,948,WG2,M,W3,R2
1613,203,adj_Monitor18_ch5,947.6,WG2,M,W3,R3
1614,786,adj_Monitor3_ch19,947.2,Y160C,M,W3,R4
1615,586,adj_Monitor31_ch3,946.6,W422X,M,W3,R4
1616,600,adj_Monitor32_ch14,945.8,KO,M,W3,R4
1617,742,adj_Monitor38_ch6,945,WG2,M,W3,R4
1618,534,adj_Monitor30_ch1,945,KO,F,W3,R2
1619,285,adj_Monitor20_ch27,943.8,Y160C,F,W3,R3
1620,694,adj_Monitor35_ch15,943.8,KO,M,W3,R1
1621,427,adj_Monitor27_ch22,942,WG2,M,W3,R1
1622,824,adj_Monitor40_ch27,941,WG2,F,W3,R4
1623,437,adj_Monitor27_ch32,940,WG2,M,W3,R1
1624,280,adj_Monitor20_ch21,938.6,Y160C,F,W3,R3
1625,136,adj_Monitor15_ch21,935.6,W422X,M,W3,R2
1626,441,adj_Monitor27_ch7,935.4,WG2,M,W3,R1
1627,521,adj_Monitor2_ch26,934.8,W422X,M,W3,R3
1628,416,adj_Monitor27_ch11,933.8,WG2,M,W3,R1
1629,111,adj_Monitor14_ch28,933,W422X,F,W3,R2
1630,685,adj_Monitor34_ch7,933,Y160C,F,W3,R2
1631,430,adj_Monitor27_ch26,926.8,WG2,M,W3,R1
1632,519,adj_Monitor2_ch24,926.8,W422X,M,W3,R3
1633,723,adj_Monitor38_ch16,922.8,WG2,M,W3,R4
1634,332,adj_Monitor22_ch17,922.6,Y160C,M,W3,R3
1635,146,adj_Monitor15_ch4,921.4,W422X,M,W3,R2
1636,24,adj_Monitor10_ch31,921.4,WG2,F,W3,R1
1637,20,adj_Monitor10_ch28,920.2,WG2,F,W3,R1
1638,462,adj_Monitor28_ch30,918.8,WG2,F,W3,R2
1639,326,adj_Monitor22_ch1,918,Y160C,M,W3,R3
1640,171,adj_Monitor16_ch29,917.4,KO,M,W3,R2
1641,931,adj_Monitor6_ch12,916.4,Y160C,F,W3,R1
1642,607,adj_Monitor32_ch20,914.2,KO,M,W3,R4
1643,262,adj_Monitor1_ch32,912,W422X,M,W3,R1
1644,750,adj_Monitor39_ch14,909.6,KO,M,W3,R3
1645,42,adj_Monitor11_ch19,907.6,Y160C,M,W3,R1
1646,68,adj_Monitor13_ch18,907.2,KO,F,W3,R4
1647,676,adj_Monitor34_ch28,906.2,Y160C,F,W3,R2
1648,795,adj_Monitor3_ch27,904.4,Y160C,M,W3,R4
1649,397,adj_Monitor26_ch22,903.6,WG2,M,W3,R2
1650,431,adj_Monitor27_ch27,900.8,WG2,M,W3,R1
1651,584,adj_Monitor31_ch28,900.8,W422X,M,W3,R4
1652,713,adj_Monitor35_ch6,900.2,KO,M,W3,R1
1653,163,adj_Monitor16_ch21,898.2,KO,M,W3,R2
1654,223,adj_Monitor19_ch24,896,Y160C,F,W3,R4
1655,613,adj_Monitor32_ch26,895.8,KO,M,W3,R4
1656,51,adj_Monitor11_ch27,895.8,Y160C,M,W3,R1
1657,364,adj_Monitor24_ch2,893.6,Y160C,M,W3,R2
1658,8,adj_Monitor10_ch17,893,WG2,F,W3,R1
1659,524,adj_Monitor2_ch29,892.8,W422X,M,W3,R3
1660,768,adj_Monitor39_ch30,892.4,KO,M,W3,R3
1661,769,adj_Monitor39_ch31,892.2,KO,M,W3,R3
1662,446,adj_Monitor28_ch12,890.6,WG2,F,W3,R2
1663,161,adj_Monitor16_ch2,887.8,KO,M,W3,R2
1664,78,adj_Monitor13_ch27,886.4,KO,F,W3,R4
1665,852,adj_Monitor41_ch26,884,W422X,F,W3,R4
1666,443,adj_Monitor28_ch1,883.4,WG2,F,W3,R2
1667,724,adj_Monitor38_ch17,881.8,WG2,M,W3,R4
1668,481,adj_Monitor29_ch19,881.4,WG2,F,W3,R3
1669,489,adj_Monitor29_ch26,879.2,WG2,F,W3,R3
1670,756,adj_Monitor39_ch2,875.8,KO,M,W3,R3
1671,522,adj_Monitor2_ch27,873,W422X,M,W3,R3
1672,56,adj_Monitor11_ch5,873,Y160C,M,W3,R1
1673,194,adj_Monitor18_ch24,872.6,WG2,M,W3,R3
1674,598,adj_Monitor32_ch12,872.2,KO,M,W3,R4
1675,469,adj_Monitor28_ch8,870.8,WG2,F,W3,R2
1676,717,adj_Monitor38_ch1,869.8,WG2,M,W3,R4
1677,818,adj_Monitor40_ch21,869.4,WG2,F,W3,R4
1678,46,adj_Monitor11_ch22,864.4,Y160C,M,W3,R1
1679,948,adj_Monitor6_ch28,861.8,Y160C,F,W3,R1
1680,357,adj_Monitor24_ch12,861.6,Y160C,M,W3,R2
1681,337,adj_Monitor22_ch21,861.2,Y160C,M,W3,R3
1682,346,adj_Monitor22_ch31,860.6,Y160C,M,W3,R3
1683,678,adj_Monitor34_ch3,858,Y160C,F,W3,R2
1684,669,adj_Monitor34_ch20,857.4,Y160C,F,W3,R2
1685,533,adj_Monitor2_ch9,855.4,W422X,M,W3,R3
1686,371,adj_Monitor24_ch26,855,Y160C,M,W3,R2
1687,245,adj_Monitor1_ch16,854,W422X,M,W3,R1
1688,565,adj_Monitor30_ch9,853.4,KO,F,W3,R2
1689,406,adj_Monitor26_ch30,853,WG2,M,W3,R2
1690,688,adj_Monitor35_ch1,852.8,KO,M,W3,R1
1691,811,adj_Monitor40_ch14,852.8,WG2,F,W3,R4
1692,263,adj_Monitor1_ch4,852.4,W422X,M,W3,R1
1693,508,adj_Monitor2_ch14,851.8,W422X,M,W3,R3
1694,729,adj_Monitor38_ch21,851.6,WG2,M,W3,R4
1695,45,adj_Monitor11_ch21,851,Y160C,M,W3,R1
1696,567,adj_Monitor31_ch10,850.2,W422X,M,W3,R4
1697,812,adj_Monitor40_ch15,847.2,WG2,F,W3,R4
1698,113,adj_Monitor14_ch3,846.2,W422X,F,W3,R2
1699,137,adj_Monitor15_ch24,845.8,W422X,M,W3,R2
1700,177,adj_Monitor16_ch5,845.2,KO,M,W3,R2
1701,810,adj_Monitor40_ch13,845.2,WG2,F,W3,R4
1702,14,adj_Monitor10_ch22,843,WG2,F,W3,R1
1703,464,adj_Monitor28_ch32,841.2,WG2,F,W3,R2
1704,504,adj_Monitor2_ch10,839,W422X,M,W3,R3
1705,456,adj_Monitor28_ch22,835.6,WG2,F,W3,R2
1706,780,adj_Monitor3_ch12,835.6,Y160C,M,W3,R4
1707,488,adj_Monitor29_ch25,832.8,WG2,F,W3,R3
1708,670,adj_Monitor34_ch21,832.8,Y160C,F,W3,R2
1709,501,adj_Monitor29_ch8,831.4,WG2,F,W3,R3
1710,809,adj_Monitor40_ch12,831.2,WG2,F,W3,R4
1711,594,adj_Monitor31_ch9,831,W422X,M,W3,R4
1712,400,adj_Monitor26_ch25,825.2,WG2,M,W3,R2
1713,487,adj_Monitor29_ch24,824.8,WG2,F,W3,R3
1714,770,adj_Monitor39_ch32,823.6,KO,M,W3,R3
1715,626,adj_Monitor32_ch9,822.2,KO,M,W3,R4
1716,408,adj_Monitor26_ch32,818,WG2,M,W3,R2
1717,761,adj_Monitor39_ch24,816.8,KO,M,W3,R3
1718,385,adj_Monitor26_ch1,816,WG2,M,W3,R2
1719,348,adj_Monitor22_ch4,814,Y160C,M,W3,R3
1720,825,adj_Monitor40_ch28,813,WG2,F,W3,R4
1721,647,adj_Monitor33_ch28,810.6,KO,F,W3,R3
1722,716,adj_Monitor35_ch9,809.6,KO,M,W3,R1
1723,250,adj_Monitor1_ch20,809.2,W422X,M,W3,R1
1724,30,adj_Monitor10_ch8,806.8,WG2,F,W3,R1
1725,862,adj_Monitor41_ch6,806.4,W422X,F,W3,R4
1726,374,adj_Monitor24_ch29,805.8,Y160C,M,W3,R2
1727,784,adj_Monitor3_ch17,805.4,Y160C,M,W3,R4
1728,597,adj_Monitor32_ch11,804.6,KO,M,W3,R4
1729,529,adj_Monitor2_ch5,800.2,W422X,M,W3,R3
1730,591,adj_Monitor31_ch6,798.2,W422X,M,W3,R4
1731,355,adj_Monitor24_ch10,797.8,Y160C,M,W3,R2
1732,804,adj_Monitor3_ch7,797.6,Y160C,M,W3,R4
1733,193,adj_Monitor18_ch23,797.4,WG2,M,W3,R3
1734,822,adj_Monitor40_ch25,797,WG2,F,W3,R4
1735,10,adj_Monitor10_ch19,794.8,WG2,F,W3,R1
1736,2,adj_Monitor10_ch11,794.8,WG2,F,W3,R1
1737,767,adj_Monitor39_ch3,794.2,KO,M,W3,R3
1738,189,adj_Monitor18_ch2,793.2,WG2,M,W3,R3
1739,114,adj_Monitor14_ch30,792.2,W422X,F,W3,R2
1740,951,adj_Monitor6_ch30,790,Y160C,F,W3,R1
1741,181,adj_Monitor18_ch1,790,WG2,M,W3,R3
1742,237,adj_Monitor19_ch9,789,Y160C,F,W3,R4
1743,514,adj_Monitor2_ch2,787.8,W422X,M,W3,R3
1744,735,adj_Monitor38_ch28,787.8,WG2,M,W3,R4
1745,583,adj_Monitor31_ch27,787.8,W422X,M,W3,R4
1746,794,adj_Monitor3_ch26,785.8,Y160C,M,W3,R4
1747,202,adj_Monitor18_ch4,784.4,WG2,M,W3,R3
1748,186,adj_Monitor18_ch14,783.8,WG2,M,W3,R3
1749,425,adj_Monitor27_ch20,783,WG2,M,W3,R1
1750,264,adj_Monitor1_ch5,782.4,W422X,M,W3,R1
1751,568,adj_Monitor31_ch11,781.8,W422X,M,W3,R4
1752,460,adj_Monitor28_ch29,781.6,WG2,F,W3,R2
1753,760,adj_Monitor39_ch23,779.4,KO,M,W3,R3
1754,463,adj_Monitor28_ch31,778.2,WG2,F,W3,R2
1755,449,adj_Monitor28_ch15,776.6,WG2,F,W3,R2
1756,86,adj_Monitor13_ch5,776.2,KO,F,W3,R4
1757,370,adj_Monitor24_ch25,775.2,Y160C,M,W3,R2
1758,229,adj_Monitor19_ch3,774,Y160C,F,W3,R4
1759,718,adj_Monitor38_ch10,772.2,WG2,M,W3,R4
1760,150,adj_Monitor15_ch8,772,W422X,M,W3,R2
1761,293,adj_Monitor20_ch7,767.8,Y160C,F,W3,R3
1762,327,adj_Monitor22_ch10,766.2,Y160C,M,W3,R3
1763,615,adj_Monitor32_ch28,764.6,KO,M,W3,R4
1764,492,adj_Monitor29_ch29,764,WG2,F,W3,R3
1765,740,adj_Monitor38_ch4,763.6,WG2,M,W3,R4
1766,507,adj_Monitor2_ch13,761.8,W422X,M,W3,R3
1767,815,adj_Monitor40_ch18,760,WG2,F,W3,R4
1768,21,adj_Monitor10_ch29,759.6,WG2,F,W3,R1
1769,92,adj_Monitor14_ch10,758.8,W422X,F,W3,R2
1770,712,adj_Monitor35_ch5,756.4,KO,M,W3,R1
1771,493,adj_Monitor29_ch3,756.4,WG2,F,W3,R3
1772,199,adj_Monitor18_ch30,755.2,WG2,M,W3,R3
1773,4,adj_Monitor10_ch13,753.8,WG2,F,W3,R1
1774,459,adj_Monitor28_ch25,751.8,WG2,F,W3,R2
1775,589,adj_Monitor31_ch4,749.6,W422X,M,W3,R4
1776,142,adj_Monitor15_ch3,747.2,W422X,M,W3,R2
1777,587,adj_Monitor31_ch30,747,W422X,M,W3,R4
1778,227,adj_Monitor19_ch28,745.4,Y160C,F,W3,R4
1779,819,adj_Monitor40_ch22,745,WG2,F,W3,R4
1780,704,adj_Monitor35_ch27,744.2,KO,M,W3,R1
1781,239,adj_Monitor1_ch10,743.8,W422X,M,W3,R1
1782,731,adj_Monitor38_ch24,741.6,WG2,M,W3,R4
1783,192,adj_Monitor18_ch22,740.8,WG2,M,W3,R3
1784,796,adj_Monitor3_ch28,740.6,Y160C,M,W3,R4
1785,382,adj_Monitor24_ch7,738.8,Y160C,M,W3,R2
1786,771,adj_Monitor39_ch4,736.8,KO,M,W3,R3
1787,368,adj_Monitor24_ch23,736.6,Y160C,M,W3,R2
1788,228,adj_Monitor19_ch29,735.6,Y160C,F,W3,R4
1789,143,adj_Monitor15_ch30,735.4,W422X,M,W3,R2
1790,152,adj_Monitor16_ch1,734,KO,M,W3,R2
1791,366,adj_Monitor24_ch21,733.8,Y160C,M,W3,R2
1792,286,adj_Monitor20_ch28,733,Y160C,F,W3,R3
1793,821,adj_Monitor40_ch24,730.6,WG2,F,W3,R4
1794,396,adj_Monitor26_ch21,730,WG2,M,W3,R2
1795,240,adj_Monitor1_ch11,728.8,W422X,M,W3,R1
1796,82,adj_Monitor13_ch30,728.2,KO,F,W3,R4
1797,409,adj_Monitor26_ch4,726.4,WG2,M,W3,R2
1798,112,adj_Monitor14_ch29,726.2,W422X,F,W3,R2
1799,454,adj_Monitor28_ch2,725.6,WG2,F,W3,R2
1800,341,adj_Monitor22_ch26,724.6,Y160C,M,W3,R3
1801,219,adj_Monitor19_ch20,722.8,Y160C,F,W3,R4
1802,639,adj_Monitor33_ch20,722.6,KO,F,W3,R3
1803,200,adj_Monitor18_ch31,721.6,WG2,M,W3,R3
1804,468,adj_Monitor28_ch7,718.2,WG2,F,W3,R2
1805,525,adj_Monitor2_ch3,717.8,W422X,M,W3,R3
1806,679,adj_Monitor34_ch30,717.2,Y160C,F,W3,R2
1807,720,adj_Monitor38_ch13,715.2,WG2,M,W3,R4
1808,554,adj_Monitor30_ch28,713.2,KO,F,W3,R2
1809,412,adj_Monitor26_ch7,711,WG2,M,W3,R2
1810,183,adj_Monitor18_ch11,709,WG2,M,W3,R3
1811,388,adj_Monitor26_ch12,707.4,WG2,M,W3,R2
1812,596,adj_Monitor32_ch10,706,KO,M,W3,R4
1813,747,adj_Monitor39_ch11,702,KO,M,W3,R3
1814,133,adj_Monitor15_ch19,699.6,W422X,M,W3,R2
1815,29,adj_Monitor10_ch7,697.8,WG2,F,W3,R1
1816,225,adj_Monitor19_ch26,696.8,Y160C,F,W3,R4
1817,331,adj_Monitor22_ch16,691.6,Y160C,M,W3,R3
1818,490,adj_Monitor29_ch27,690.8,WG2,F,W3,R3
1819,719,adj_Monitor38_ch12,688.2,WG2,M,W3,R4
1820,410,adj_Monitor26_ch5,681.2,WG2,M,W3,R2
1821,457,adj_Monitor28_ch23,680,WG2,F,W3,R2
1822,816,adj_Monitor40_ch19,677.6,WG2,F,W3,R4
1823,417,adj_Monitor27_ch12,676.4,WG2,M,W3,R1
1824,692,adj_Monitor35_ch13,676,KO,M,W3,R1
1825,18,adj_Monitor10_ch26,675,WG2,F,W3,R1
1826,432,adj_Monitor27_ch28,674.6,WG2,M,W3,R1
1827,139,adj_Monitor15_ch26,674.4,W422X,M,W3,R2
1828,162,adj_Monitor16_ch20,673.6,KO,M,W3,R2
1829,391,adj_Monitor26_ch16,673,WG2,M,W3,R2
1830,746,adj_Monitor39_ch10,671.2,KO,M,W3,R3
1831,705,adj_Monitor35_ch28,670.2,KO,M,W3,R1
1832,526,adj_Monitor2_ch30,669.4,W422X,M,W3,R3
1833,588,adj_Monitor31_ch31,667.2,W422X,M,W3,R4
1834,452,adj_Monitor28_ch18,665.4,WG2,F,W3,R2
1835,827,adj_Monitor40_ch3,662,WG2,F,W3,R4
1836,336,adj_Monitor22_ch20,660.8,Y160C,M,W3,R3
1837,766,adj_Monitor39_ch29,656.6,KO,M,W3,R3
1838,138,adj_Monitor15_ch25,655.2,W422X,M,W3,R2
1839,479,adj_Monitor29_ch17,651.8,WG2,F,W3,R3
1840,123,adj_Monitor15_ch1,651.6,W422X,M,W3,R2
1841,351,adj_Monitor22_ch7,651.4,Y160C,M,W3,R3
1842,415,adj_Monitor27_ch1,650.8,WG2,M,W3,R1
1843,380,adj_Monitor24_ch5,640.8,Y160C,M,W3,R2
1844,595,adj_Monitor32_ch1,640.8,KO,M,W3,R4
1845,576,adj_Monitor31_ch19,639.2,W422X,M,W3,R4
1846,802,adj_Monitor3_ch4,638.8,Y160C,M,W3,R4
1847,403,adj_Monitor26_ch28,636.6,WG2,M,W3,R2
1848,365,adj_Monitor24_ch20,636.6,Y160C,M,W3,R2
1849,424,adj_Monitor27_ch19,635.8,WG2,M,W3,R1
1850,744,adj_Monitor38_ch9,635.6,WG2,M,W3,R4
1851,378,adj_Monitor24_ch32,634.4,Y160C,M,W3,R2
1852,755,adj_Monitor39_ch19,633.2,KO,M,W3,R3
1853,135,adj_Monitor15_ch20,633,W422X,M,W3,R2
1854,665,adj_Monitor34_ch17,631.6,Y160C,F,W3,R2
1855,726,adj_Monitor38_ch19,631.2,WG2,M,W3,R4
1856,763,adj_Monitor39_ch26,628.8,KO,M,W3,R3
1857,831,adj_Monitor40_ch5,626.4,WG2,F,W3,R4
1858,758,adj_Monitor39_ch21,624.6,KO,M,W3,R3
1859,503,adj_Monitor2_ch1,624,W422X,M,W3,R3
1860,274,adj_Monitor20_ch15,617.8,Y160C,F,W3,R3
1861,393,adj_Monitor26_ch19,617.6,WG2,M,W3,R2
1862,752,adj_Monitor39_ch16,616,KO,M,W3,R3
1863,394,adj_Monitor26_ch2,613.8,WG2,M,W3,R2
1864,765,adj_Monitor39_ch28,608,KO,M,W3,R3
1865,266,adj_Monitor1_ch7,605.8,W422X,M,W3,R1
1866,458,adj_Monitor28_ch24,600.2,WG2,F,W3,R2
1867,483,adj_Monitor29_ch20,597.6,WG2,F,W3,R3
1868,757,adj_Monitor39_ch20,595,KO,M,W3,R3
1869,389,adj_Monitor26_ch14,593.2,WG2,M,W3,R2
1870,737,adj_Monitor38_ch3,593.2,WG2,M,W3,R4
1871,384,adj_Monitor24_ch9,591.2,Y160C,M,W3,R2
1872,814,adj_Monitor40_ch17,587.2,WG2,F,W3,R4
1873,390,adj_Monitor26_ch15,585.4,WG2,M,W3,R2
1874,590,adj_Monitor31_ch5,584.6,W422X,M,W3,R4
1875,191,adj_Monitor18_ch21,582.6,WG2,M,W3,R3
1876,622,adj_Monitor32_ch5,581.6,KO,M,W3,R4
1877,330,adj_Monitor22_ch15,579.6,Y160C,M,W3,R3
1878,363,adj_Monitor24_ch19,578.4,Y160C,M,W3,R2
1879,512,adj_Monitor2_ch18,574.6,W422X,M,W3,R3
1880,695,adj_Monitor35_ch16,573.2,KO,M,W3,R1
1881,433,adj_Monitor27_ch29,572.6,WG2,M,W3,R1
1882,383,adj_Monitor24_ch8,568,Y160C,M,W3,R2
1883,196,adj_Monitor18_ch26,567.6,WG2,M,W3,R3
1884,799,adj_Monitor3_ch30,565.8,Y160C,M,W3,R4
1885,693,adj_Monitor35_ch14,565.6,KO,M,W3,R1
1886,706,adj_Monitor35_ch29,562.4,KO,M,W3,R1
1887,198,adj_Monitor18_ch28,561.4,WG2,M,W3,R3
1888,733,adj_Monitor38_ch26,560.2,WG2,M,W3,R4
1889,601,adj_Monitor32_ch15,560.2,KO,M,W3,R4
1890,176,adj_Monitor16_ch4,560,KO,M,W3,R2
1891,949,adj_Monitor6_ch29,559.2,Y160C,F,W3,R1
1892,592,adj_Monitor31_ch7,557.6,W422X,M,W3,R4
1893,730,adj_Monitor38_ch22,556,WG2,M,W3,R4
1894,762,adj_Monitor39_ch25,555.8,KO,M,W3,R3
1895,343,adj_Monitor22_ch28,554.4,Y160C,M,W3,R3
1896,749,adj_Monitor39_ch13,552.6,KO,M,W3,R3
1897,212,adj_Monitor19_ch14,551.2,Y160C,F,W3,R4
1898,258,adj_Monitor1_ch29,550.4,W422X,M,W3,R1
1899,399,adj_Monitor26_ch24,550.4,WG2,M,W3,R2
1900,405,adj_Monitor26_ch3,550.2,WG2,M,W3,R2
1901,741,adj_Monitor38_ch5,548.8,WG2,M,W3,R4
1902,151,adj_Monitor15_ch9,545,W422X,M,W3,R2
1903,347,adj_Monitor22_ch32,544.8,Y160C,M,W3,R3
1904,356,adj_Monitor24_ch11,543.4,Y160C,M,W3,R2
1905,619,adj_Monitor32_ch31,538.8,KO,M,W3,R4
1906,197,adj_Monitor18_ch27,528.2,WG2,M,W3,R3
1907,691,adj_Monitor35_ch12,527.6,KO,M,W3,R1
1908,826,adj_Monitor40_ch29,521.4,WG2,F,W3,R4
1909,759,adj_Monitor39_ch22,513.6,KO,M,W3,R3
1910,407,adj_Monitor26_ch31,511.8,WG2,M,W3,R2
1911,566,adj_Monitor31_ch1,511.8,W422X,M,W3,R4
1912,180,adj_Monitor16_ch8,511.6,KO,M,W3,R2
1913,491,adj_Monitor29_ch28,511.2,WG2,F,W3,R3
1914,721,adj_Monitor38_ch14,510.6,WG2,M,W3,R4
1915,805,adj_Monitor3_ch8,506.8,Y160C,M,W3,R4
1916,736,adj_Monitor38_ch29,503.4,WG2,M,W3,R4
1917,134,adj_Monitor15_ch2,500.4,W422X,M,W3,R2
1918,50,adj_Monitor11_ch26,496.6,Y160C,M,W3,R1
1919,572,adj_Monitor31_ch15,496.6,W422X,M,W3,R4
1920,754,adj_Monitor39_ch18,474.4,KO,M,W3,R3
1921,938,adj_Monitor6_ch19,469.2,Y160C,F,W3,R1
1922,940,adj_Monitor6_ch20,467.2,Y160C,F,W3,R1
1923,158,adj_Monitor16_ch16,459.4,KO,M,W3,R2
1924,205,adj_Monitor18_ch8,459,WG2,M,W3,R3
1925,714,adj_Monitor35_ch7,457.6,KO,M,W3,R1
1926,190,adj_Monitor18_ch20,456.8,WG2,M,W3,R3
1927,579,adj_Monitor31_ch22,456.4,W422X,M,W3,R4
1928,398,adj_Monitor26_ch23,453.8,WG2,M,W3,R2
1929,242,adj_Monitor1_ch13,449.2,W422X,M,W3,R1
1930,148,adj_Monitor15_ch6,444,W422X,M,W3,R2
1931,376,adj_Monitor24_ch30,436,Y160C,M,W3,R2
1932,728,adj_Monitor38_ch20,435.2,WG2,M,W3,R4
1933,377,adj_Monitor24_ch31,430.4,Y160C,M,W3,R2
1934,132,adj_Monitor15_ch18,426.4,W422X,M,W3,R2
1935,381,adj_Monitor24_ch6,410.4,Y160C,M,W3,R2
1936,404,adj_Monitor26_ch29,409,WG2,M,W3,R2
1937,267,adj_Monitor1_ch8,407.4,W422X,M,W3,R1
1938,257,adj_Monitor1_ch28,406.4,W422X,M,W3,R1
1939,185,adj_Monitor18_ch13,401.2,WG2,M,W3,R3
1940,715,adj_Monitor35_ch8,397.6,KO,M,W3,R1
1941,772,adj_Monitor39_ch5,395.4,KO,M,W3,R3
1942,506,adj_Monitor2_ch12,375.8,W422X,M,W3,R3
1943,745,adj_Monitor39_ch1,375,KO,M,W3,R3
1944,195,adj_Monitor18_ch25,373.4,WG2,M,W3,R3
1945,698,adj_Monitor35_ch20,362.6,KO,M,W3,R1
1946,528,adj_Monitor2_ch4,349.4,W422X,M,W3,R3
1947,518,adj_Monitor2_ch23,334.2,W422X,M,W3,R3
1948,386,adj_Monitor26_ch10,334,WG2,M,W3,R2
1949,505,adj_Monitor2_ch11,328.8,W422X,M,W3,R3
1950,734,adj_Monitor38_ch27,284.6,WG2,M,W3,R4
1951,520,adj_Monitor2_ch25,261.8,W422X,M,W3,R3
1952,40,adj_Monitor11_ch17,247.8,Y160C,M,W3,R1
1953,709,adj_Monitor35_ch31,185.4,KO,M,W3,R1
1954,708,adj_Monitor35_ch30,163.4,KO,M,W3,R1
1955,616,adj_Monitor32_ch29,163.2,KO,M,W3,R4
